screen_name,user_tweeted,user_retweeted,user_favourited,user_replied,likes_per_tweet,retweets_per_tweet,lists_per_user,follower_friend_ratio,tweet_frequency,favourite_tweet_ratio,age_of_account_in_days,sources_count,urls_count,cdn_content_in_kb,source_identity
0128tktk, 6, 14, 4694.95, 16, 0.0, 0.0, 0.01578931261549564, 1.3599620348717518, 65.1404460641978, 0.0, 1697.3250578703703, 1, 14, 2.7660877203396397,[2]
01yu_nagi, 14, 2, 44127.0625, 6, 0.0, 0.0, 0.007821309440212053, 1.2804880976069903, 41.262682331955524, 0.0, 1396.1383217592593, 2, 2, 31.606511913802315,[2;0]
0405_jwest, 18, 38, 9972.892857142857, 51, 0.0, 0.0, 0.09493329263626857, 1.3380739895364362, 128.17667440224096, 0.0, 60.68292824074074, 3, 31, 164.3442916528103,[2;0]
0578K, 22, 9, 29072.58064516129, 24, 0.0, 0.0, 0.0678577677796142, 1.0178915057691929, 88.3385485801446, 0.0, 965.4779398148148, 2, 8, 30.112112816101845,[2;0]
0cNAmS2t0jncEjp, 18, 7, 79612.44, 13, 0.0, 0.0, 0.028688029901598962, 1.1801996062481181, 52.54587600183473, 0.0, 489.5024768518519, 1, 5, 162.6395039142871,[2]
14ca3911ca384a1, 4, 0, 315.0, 0, 0.0, 0.0, 0.0020352893042787324, 1.0492783099191527, 6.320661343004837, 0.0, 493.7238310185185, 1, 4, 0.6380084982938266,[0]
197355Fer, 0, 32, 36404.375, 32, 0.0, 0.0, 0.032926129406347426, 0.30017159695133566, 21.732564515123045, 0.0, 846.6943634259259, 1, 31, 42.99588679520586,[2]
1987Reiko, 55, 15, 10798.457142857143, 15, 0.0, 0.0, 0.04490352517708303, 1.0798742240371701, 172.7961625641681, 0.0, 423.3179861111111, 1, 21, 25.509091267439793,[2]
1RRMN, 1, 47, 83.35416666666667, 47, 0.0, 0.0, 0.002718471286244006, 1.3264269844290346, 44.470513222013416, 0.0, 1100.5854976851851, 1, 14, 0.07573620299557096,[2]
1jedi2, 15, 1, 1687.4375, 15, 0.0, 0.0, 0.023269739611303138, 0.45811376032314943, 26.45882083777485, 0.0, 2083.142152777778, 3, 16, 0.8100443350684814,[0;2]
2105nagao, 12, 4, 160.1875, 13, 0.0, 0.0, 0.05023131009346119, 1.7133956865835835, 59.225397044707506, 0.0, 333.0614699074074, 2, 4, 0.48095476202796095,[2;1]
21_kissmari, 6, 11, 3218.4117647058824, 14, 0.0, 0.0, 0.0030033124785589747, 3.1486688676212506, 13.03064213218772, 0.0, 1325.8765046296296, 1, 9, 2.4273842650261863,[2]
24TRIBE_3951, 1, 10, 4261.454545454545, 11, 0.0, 0.0, 0.008566317671643, 0.6588245489739486, 10.165853805052132, 0.0, 690.9175810185185, 1, 8, 6.167818944732174,[2]
26bdd4a3bd38449, 9, 0, 31.555555555555557, 1, 0.0, 0.0, 0.002139997200689872, 0.5574585955898271, 4.921562121754047, 0.0, 467.2534606481481, 1, 7, 0.06753412914648815,[2]
2_Raaaays, 2, 0, 5637.0, 0, 0.0, 0.0, 0.0013170801727001317, 1.1829855769627686, 43.76425516295873, 0.0, 1509.2869444444448, 1, 0, 3.7348762743554573,[2]
2l00l5, 73, 0, 0.0, 0, 0.0, 0.0, 0.026906314888881545, 1.1289635189057865, 162.5184033373101, 0.0, 1781.426574074074, 1, 73, 0.0,[4]
305_shahd, 15, 0, 51.0, 0, 0.0, 0.0, 0.0, 0.5184240969682948, 11.226370214845954, 0.0, 1350.3661574074074, 3, 15, 0.03776753417600144,[0]
365GettinIt, 4, 15, 12693.631578947368, 16, 0.0, 0.0, 0.0027329548348076762, 0.8316661028868658, 31.011277641002582, 0.0, 1230.2594560185187, 2, 6, 10.317849228347077,[2]
369doughnut, 7, 0, 59907.71428571428, 1, 0.0, 0.0, 0.03976731281093142, 3.400732267429265, 22.159704932313723, 0.0, 2321.0379166666667, 2, 2, 25.810743484858747,[1;0]
3838mckrl, 7, 1, 25314.125, 6, 0.0, 0.0, 0.03223290477740087, 1.547090077230007, 40.55564110567937, 0.0, 765.9381481481482, 1, 2, 33.049829233866184,[2]
3JSB_1335899, 0, 1, 107.0, 1, 0.0, 0.0, 0.0, 0.9374464438731791, 7.927622371865585, 0.0, 67.48555555555555, 1, 1, 1.585524474373117,[2]
3marr_1112, 4, 0, 1178.0, 0, 0.0, 0.0, 0.0009381871395839962, 1.2102347993760414, 20.980723469107247, 0.0, 1067.7946527777779, 1, 4, 1.1032083715118186,[0]
3roOpal5aja, 1, 8, 26.0, 8, 0.0, 0.0, 0.00134487439386583, 20.94326241134752, 26.60595469547376, 0.0, 1555.955289351852, 2, 5, 0.016709991718869086,[2;0]
3washy93ali, 30, 4, 923.0882352941177, 15, 0.0, 0.0, 0.004677738303015337, 4.318254000088114, 60.10510097678564, 0.0, 1056.8504976851852, 2, 8, 0.8734331273117187,[2;0]
418Beauty93, 6, 4, 4762.0, 6, 0.0, 0.0, 0.004481711812070692, 1.117823306115758, 28.51777177091467, 0.0, 1105.0949074074074, 1, 4, 4.309132155148397,[2]
48group_love, 12, 2, 19.0, 0, 0.0, 0.0, 0.003625423195084829, 0.636325150416555, 35.51352809809578, 0.0, 1097.7044444444443, 1, 0, 0.017308848566807096,[4]
4Toaru, 19, 1, 8188.6, 5, 0.0, 0.0, 0.02845424992822903, 1.3985256002937652, 26.073709440776433, 0.0, 1026.5123958333334, 2, 3, 7.977107761423972,[2;1]
545240, 0, 769, 590.5318595578674, 25, 0.0, 0.0, 0.02167189839768315, 0.8489887256104459, 740.699767621309, 0.0, 171.60319444444443, 2, 697, 3.4412637915609943,[4;5]
63Felixsilva, 0, 17, 6.529411764705882, 17, 0.0, 0.0, 0.006361771326566351, 0.4742943065231356, 14.882536824995565, 0.0, 767.4478587962964, 1, 15, 0.008507954892136826,[2]
6in_gun_single, 11, 13, 40593.125, 21, 0.0, 0.0, 0.07324974910686727, 1.0301229417163853, 87.47520129452653, 0.0, 895.2654513888889, 2, 6, 45.34199877480473,[0;1]
7WRGOO, 6, 11, 0.0, 11, 0.0, 0.0, 0.017847702502514173, 0.37783216799692204, 58.2792129449231, 0.0, 101.34684027777779, 1, 3, 0.0,[0]
89JINKO, 52, 8, 4938.7, 30, 0.0, 0.0, 0.0241030791019879, 0.7888789028964157, 185.86244020165194, 0.0, 284.8351851851852, 2, 21, 17.338798915552204,[2;1]
8_fjr, 13, 0, 2.4615384615384617, 0, 0.0, 0.0, 0.001827815438528076, 1.087062450579013, 6.084401889054894, 0.0, 555.2324652777778, 1, 13, 0.0044333474994243645,[0]
908Fg, 7, 6, 11067.538461538461, 8, 0.0, 0.0, 0.02937960130471703, 5.404908252734339, 67.02514517236138, 0.0, 1026.259525462963, 4, 12, 10.784346636437512,[0;4]
919seijin, 8, 1, 1152.3333333333333, 1, 0.0, 0.0, 0.00782457846303353, 0.9355096303015257, 6.860898545536699, 0.0, 2420.363275462963, 3, 8, 0.4760993298053231,[2;0]
9peartree221, 1, 1, 2873.5, 2, 0.0, 0.0, 0.034150837170242816, 0.9799400848312125, 4.4069720613183385, 0.0, 322.3946296296296, 1, 0, 8.912989658981315,[2]
A7isas, 5, 0, 1316.2, 0, 0.0, 0.0, 0.0013396143646163604, 0.9949253048780488, 18.23581187886305, 0.0, 1484.8074074074073, 1, 5, 0.8864449311296141,[0]
AFacts4You, 9, 0, 5105.444444444444, 0, 0.0, 0.0, 0.008014468451751034, 0.6426628148671908, 7.57869570991258, 0.0, 1245.3108680555554, 1, 3, 4.099734913914428,[5]
AKAsuekun, 14, 36, 2968.18, 48, 0.0, 0.0, 0.0061360648364697104, 1.0802849805908055, 60.99978827892958, 0.0, 2077.894675925926, 2, 36, 1.4284554623430832,[2;1]
AKHTYSSD, 13, 0, 15.0, 0, 0.0, 0.0, 0.012473476645203466, 0.7700264557557884, 14.313523594970858, 0.0, 2174.4465740740743, 1, 0, 0.006898306989394448,[0]
ALDUBMATTERS, 34, 102, 3506.676470588235, 105, 0.0, 0.0, 0.008571676637202026, 2.045734606810013, 52.114343155717705, 0.0, 1636.085763888889, 2, 71, 2.143332915661494,[1;2]
ALTLENE_bot, 144, 0, 32.0, 127, 0.0, 0.0, 0.043296479719477456, 1.163428913520828, 415.14104261058975, 0.0, 1939.5575347222223, 3, 1, 0.016498608279018105,[0;4]
A___sakush07, 8, 4, 1330.0833333333333, 6, 0.0, 0.0, 0.006812747248476064, 2.050169291963511, 74.80525465333974, 0.0, 2051.070763888889, 2, 7, 0.6484824203780551,[2;4]
Adelelegenda, 3, 22, 25529.32, 24, 0.0, 0.0, 0.01290915888152334, 0.9820094005229817, 11.322729776102346, 0.0, 1280.9549884259259, 2, 19, 19.92991184754365,[1;2]
Aeiou1305, 8, 1, 36.55555555555556, 1, 0.0, 0.0, 0.005429395081562486, 5.587588662546683, 43.830263247114935, 0.0, 2281.5710300925925, 3, 2, 0.016022098402113754,[1;2]
Ahmed77_, 0, 4, 3212.25, 4, 0.0, 0.0, 0.0005273316853471801, 1.035257090529986, 23.216402576911236, 0.0, 1887.3813657407406, 1, 2, 1.7019612773061834,[2]
AlfredoNizmih, 10, 7, 1232.0, 16, 0.0, 0.0, 0.011008942125041972, 0.40126626819560357, 14.759573671696728, 0.0, 906.6493634259259, 3, 12, 1.3588494623154892,[2;1]
AlisonBHodge, 0, 30, 1001.4, 30, 0.0, 0.0, 0.43815588372480746, 0.8517297906382518, 81.24354369583624, 0.0, 1663.4708912037038, 1, 24, 0.6019943031737557,[1]
AlphaCaelum45, 2, 65, 39239.611940298506, 67, 0.0, 0.0, 0.16425424005305256, 0.3715511547093426, 82.74255440184132, 0.0, 532.6762847222222, 1, 29, 73.66502520524452,[2]
AlwaysPaisana, 28, 12, 11523.05, 25, 0.0, 0.0, 0.017126448743636728, 3.448112983854466, 142.21365087802428, 0.0, 341.8910069444444, 3, 4, 33.70386984724765,[1;2]
AmsterdamBaan, 9, 0, 1.0, 0, 0.0, 0.0, 0.02856429926645427, 1.4507064868336548, 23.10058925772914, 0.0, 1807.8051851851853, 1, 9, 0.0005531569486551524,[0]
AnalieWang, 2, 1, 1011.6666666666666, 3, 0.0, 0.0, 0.025894855569234317, 0.40722926687071853, 51.66842710906369, 0.0, 345.52243055555556, 1, 1, 2.9279334051917756,[2]
Andnews365, 15, 2, 0.0, 0, 0.0, 0.0, 0.2063321878656684, 0.45861299620830953, 48.82779952858696, 0.0, 32.27703703703704, 1, 17, 0.0,[0]
Anggraeni_1004, 2, 12, 2885.285714285714, 12, 0.0, 0.0, 0.006205357358731359, 1.3724930290976227, 21.369777072852138, 0.0, 1613.8860185185185, 2, 14, 1.7877877874760255,[2;0]
AnittaVerdades, 9, 7, 1030.0625, 10, 0.0, 0.0, 0.002741413784965634, 1.5278548381609527, 17.37657114958731, 0.0, 698.2535300925925, 3, 12, 1.4751984137672853,[1;2;0]
AnumakPower, 11, 0, 598.4545454545455, 7, 0.0, 0.0, 0.0, 1.9108263757884556, 3.5808919796024075, 0.0, 1161.7526041666667, 2, 9, 0.5151307974763019,[0;5]
Aoy_ChSM, 3, 17, 20423.25, 18, 0.0, 0.0, 0.0034569385939568742, 4.479482487956952, 64.74243742972224, 0.0, 874.1920023148149, 2, 11, 23.362430616981506,[2;1]
Apoiobabicampea, 2, 2, 1813.0, 2, 0.0, 0.0, 0.0037351913720761634, 4.88986334391054, 21.83527539370258, 0.0, 530.1786805555556, 2, 1, 3.4196018559256682,[2]
Ashok_Wrestler, 3, 65, 11283.25, 66, 0.0, 0.0, 0.06271481881803288, 1.4711071798681108, 322.01737152686326, 0.0, 495.6698148148148, 1, 14, 22.76364156694813,[2]
Astonbeet, 13, 0, 4438.384615384615, 8, 0.0, 0.0, 0.08725491267588284, 0.933721727360244, 68.66757125276538, 0.0, 218.57256944444444, 2, 2, 20.30622884960292,[2;0]
AsukaSoryu_, 6, 0, 358.0, 3, 0.0, 0.0, 0.012524734364618073, 1.4647316152841414, 42.90120938519803, 0.0, 1866.6654166666667, 1, 0, 0.19178584271373394,[4]
Awesomeness5H, 1, 29, 443.8333333333333, 30, 0.0, 0.0, 0.02031905000908744, 1.1133969455620714, 61.3519184655397, 0.0, 536.119375, 1, 18, 0.8278628865694946,[2]
B2_Kookie9701, 15, 76, 1415.3076923076924, 78, 0.0, 0.0, 0.011192753301796796, 1.7118988496223437, 76.48153245551082, 0.0, 1032.8565393518518, 2, 60, 1.3702848734402553,[1;2]
BHULLAR_22_, 25, 177, 94365.33663366336, 193, 0.0, 0.0, 0.11589229789898611, 1.1937449461807281, 261.7020180654346, 0.0, 261.11909722222225, 1, 79, 361.3881084819885,[2]
BIG_NOTHING_Co, 3, 0, 0.0, 1, 0.0, 0.0, 0.03880361430206122, 2.0555122164321156, 6.469338275393106, 0.0, 2226.727199074074, 1, 3, 0.0,[1]
BJ___21____DARA, 0, 19, 2840.157894736842, 19, 0.0, 0.0, 0.0037802967628699836, 4.560436724779279, 73.7869657482269, 0.0, 1237.0138194444444, 2, 13, 2.2959791152635516,[1;2]
BOS_DealFinder, 31, 0, 11548.064516129032, 2, 0.0, 0.0, 0.6650928081130677, 0.35249698081982295, 61.512101543726864, 0.0, 74.60377314814815, 1, 31, 154.7919633125913,[0]
BTH_Khunnie0624, 1, 0, 537.0, 0, 0.0, 0.0, 0.0029794521770251854, 5.820809248554913, 27.931619296566858, 0.0, 1342.5286805555556, 1, 1, 0.39999145476563114,[0]
Badorh, 9, 0, 521.7777777777778, 0, 0.0, 0.0, 0.0010016862076495001, 0.7148219900950364, 15.353978410809084, 0.0, 2000.7045138888889, 4, 7, 0.260797021327036,[0;2]
BansheeDaRetard, 1, 0, 396.0, 0, 0.0, 0.0, 0.002421604546764337, 0.8934198331788693, 3.3490790881750776, 0.0, 412.9493402777778, 1, 1, 0.9589554005186773,[0]
Bcarter, 1, 0, 2.0, 1, 0.0, 0.0, 0.0027994311783371404, 0.9027902790279028, 0.2550592851373839, 0.0, 3214.9388310185186, 1, 1, 0.0006220958174082534,[0]
BeautyBBlog, 0, 1, 84.0, 1, 0.0, 0.0, 0.011879734190947478, 2.656891495601173, 0.7543631211251648, 0.0, 2525.309027777778, 1, 1, 0.033263255734652934,[1]
Beelzebumon_bot, 9, 0, 0.0, 1, 0.0, 0.0, 0.02557464422744442, 0.7623515063238826, 152.64844189158168, 0.0, 2054.3119675925927, 1, 0, 0.0,[4]
BeerAlien, 2, 0, 550.5, 1, 0.0, 0.0, 0.07027497717591848, 1.2422318379480628, 4.795128705852128, 0.0, 1042.8783101851852, 2, 1, 0.5278659980014802,[4;2]
BietenOnline, 159, 4, 39.0, 0, 0.0, 0.0, 0.3564201830344009, 0.9728215707111979, 927.1337833807356, 0.0, 258.3792592592593, 1, 163, 0.1509409079962845,[0]
Black_Contract, 52, 9, 32899.7868852459, 34, 0.0, 0.0, 0.0314221180188405, 2.0224502484102422, 393.0595999366923, 0.0, 797.6025694444444, 1, 3, 41.248346163380155,[0]
BlueSkyBlue67, 3, 8, 1110.8181818181818, 8, 0.0, 0.0, 0.02843499539151871, 2.112978421245558, 26.551418550104874, 0.0, 2221.9141898148146, 2, 8, 0.49993748044372627,[2;0]
BornToWorkout, 0, 47, 39965.02127659575, 47, 0.0, 0.0, 0.7492150838347518, 69.08760951188988, 34.74243269044025, 0.0, 1145.3760300925926, 1, 46, 34.892489651075515,[0]
BrickHudson, 4, 55, 67.0, 59, 0.0, 0.0, 0.7433751600725615, 2.1657345785884705, 231.9728914537282, 0.0, 945.5041203703704, 1, 56, 0.07086166898326676,[0]
Brullerby_Suare, 3, 2, 728.6, 2, 0.0, 0.0, 0.0063204983808119106, 1.3643098243971594, 9.23658754596203, 0.0, 944.0401851851852, 3, 5, 0.7717891795645077,[0;1;2]
BuT39TeR, 6, 4, 14972.7, 4, 0.0, 0.0, 0.004202228359328912, 1.0791054833255123, 31.615852161372977, 0.0, 1665.1251041666665, 2, 4, 8.991936979710172,[2]
Byunex_, 3, 38, 4768.4390243902435, 38, 0.0, 0.0, 0.0015828213220077509, 3.210845701949848, 42.959536869392316, 0.0, 1369.9960879629632, 2, 25, 3.4806223654845607,[2;1]
CTM_Puebla, 0, 3, 12.0, 3, 0.0, 0.0, 0.0037509864956899557, 23.458333333333332, 4.766768774781539, 0.0, 1584.975335648148, 1, 1, 0.0075710957325987715,[0]
Cain_RenaLove, 16, 26, 314.26190476190476, 26, 0.0, 0.0, 0.0076124917130357475, 0.5119635551606744, 126.84336654975735, 0.0, 1989.4201157407408, 3, 31, 0.15796658648185652,[2;4;1]
CarvajalKaren12, 11, 13, 36101.208333333336, 20, 0.0, 0.0, 0.015469735007772684, 1.554076221733064, 48.98633457608134, 0.0, 573.7595949074074, 1, 7, 62.920443777779965,[2]
CeritaHitam, 127, 0, 11.0, 0, 0.0, 0.0, 0.0631483298878627, 1.3449100251344008, 343.8370412018558, 0.0, 1193.5106018518518, 1, 127, 0.009216507991577447,[0]
CharlesHolden4, 28, 0, 44.0, 4, 0.0, 0.0, 0.03377569749844901, 4.5681958128078834, 61.093001808871314, 0.0, 1344.914050925926, 1, 25, 0.032715845276289256,[0]
ChinaSourceOrg, 4, 0, 92.5, 1, 0.0, 0.0, 0.01728993631479322, 2.146978648958879, 1.7140836787736202, 0.0, 2429.1304166666664, 1, 3, 0.038079470482664156,[4]
ChrisJeffries24, 63, 56, 11022.81512605042, 50, 0.0, 0.0, 0.22819978181494807, 0.4409650545422311, 18.264916226573106, 0.0, 1055.6166782407406, 5, 110, 10.442062306575826,[5;0]
Cieloza, 14, 43, 465.5438596491228, 48, 0.0, 0.0, 0.004420232163521517, 10.432064203060843, 96.87441431986852, 0.0, 1977.2288078703705, 5, 45, 0.23545269914944736,[2;1;3;0]
Crookedlogic, 5, 4, 43.55555555555556, 7, 0.0, 0.0, 0.00584709145191915, 2.030624251588858, 6.810328218899676, 0.0, 2268.8771296296295, 1, 4, 0.019196965312381437,[0]
DSkinopio_bot, 13, 0, 0.0, 2, 0.0, 0.0, 0.01175694013225789, 0.8465921948542374, 39.92653238011904, 0.0, 1374.695798611111, 1, 0, 0.0,[4]
DailyOfZame, 286, 2, 167.0, 8, 0.0, 0.0, 0.12082368210187859, 3.34463969940665, 886.4597212959192, 0.0, 711.2523148148148, 2, 272, 0.23479712687259366,[0;4]
DailyQuestionB, 0, 180, 0.016666666666666666, 67, 0.0, 0.0, 7.75083052067008, 1.4945737782070976, 813.231731683908, 0.0, 149.96616898148147, 1, 170, 0.00011113617677814217,[5]
DamasShaam, 0, 2, 8194.0, 2, 0.0, 0.0, 0.003716646889520765, 0.3540832650828012, 39.77171586109942, 0.0, 1331.5722800925926, 2, 2, 6.153627649435763,[2;0]
DandaFunk, 0, 1, 0.0, 1, 0.0, 0.0, 0.005115239896684587, 0.5106604264170567, 1.8201728632369325, 0.0, 2345.931030092592, 1, 1, 0.0,[0]
DateConchi, 1, 0, 85.0, 0, 0.0, 0.0, 0.033809787671565936, 0.9657320872274143, 23.94578211838657, 0.0, 2129.5608449074075, 1, 1, 0.03991433266782089,[0]
DildoBaggins_16, 22, 20, 11060.380952380952, 28, 0.0, 0.0, 0.005305429502710625, 1.9982359129411735, 44.06098520959372, 0.0, 1868.6307291666665, 3, 19, 5.9189762748434696,[2;0]
DinheiRonaldo, 445, 0, 0.0, 0, 0.0, 0.0, 0.04546063995792788, 9.504472148713687, 1427.5981967370794, 0.0, 390.0178935185186, 1, 0, 0.0,[0]
DollarMusic7, 2, 0, 0.0, 0, 0.0, 0.0, 0.08820951527944246, 0.21269369560602844, 47.472467452765, 0.0, 158.74797453703704, 1, 2, 0.0,[4]
DystopianQuotes, 11, 0, 135.1818181818182, 0, 0.0, 0.0, 0.01910320501777458, 0.9604357824302496, 18.963065637867796, 0.0, 796.9518287037037, 1, 0, 0.16962357486738014,[0]
ENG_voca, 50, 0, 0.0, 0, 0.0, 0.0, 0.021277958636894533, 20.75490196078431, 142.38621557135122, 0.0, 1399.463738425926, 1, 3, 0.0,[4]
EN_owl, 7, 1, 51.0, 3, 0.0, 0.0, 0.05669472863899411, 1.1654888103651355, 26.15940520467364, 0.0, 1883.4589814814815, 2, 1, 0.02707783949713876,[0;1]
Eastasianewsnet, 32, 0, 1.0, 0, 0.0, 0.0, 0.05002737139872904, 1.3348958414955054, 243.5101196887399, 0.0, 854.4542476851852, 1, 32, 0.0011703376777739884,[0]
Ebuzznet, 326, 4, 375.6030303030303, 3, 0.0, 0.0, 0.3147234810125591, 0.7975141321019678, 64.60029423056015, 0.0, 1236.7021412037036, 2, 330, 0.30371341472527036,[0]
ElGeorgeRiveraR, 5, 1, 190.66666666666666, 5, 0.0, 0.0, 0.008574691547074924, 1.7448134975424239, 22.65555725187633, 0.0, 2455.943333333333, 3, 3, 0.07763479884850763,[0;1;2]
ElizaMadrigalx, 6, 32, 14.289473684210526, 12, 0.0, 0.0, 0.014812019763508011, 1.2434801717343609, 21.045389783483984, 0.0, 462.66592592592593, 3, 23, 0.030885079024596918,[4;5;3]
EnhaizaRose, 211, 3, 3.0, 0, 0.0, 0.0, 0.08983941908920726, 26.91576803259046, 734.0440624224702, 0.0, 629.0761342592592, 1, 214, 0.004768898129528499,[5]
ErikaRae74, 9, 2, 3923.2727272727275, 4, 0.0, 0.0, 0.021171662881846246, 0.7898529492293946, 16.363361891829626, 0.0, 2566.821851851852, 2, 5, 1.5284554027161077,[2;0]
FAISAL__017, 8, 0, 51.0, 0, 0.0, 0.0, 0.0, 0.993084622197388, 23.20536527183764, 0.0, 799.058449074074, 3, 8, 0.06382511824898082,[0]
FXinEffect1, 49, 1, 19.7, 0, 0.0, 0.0, 0.08976113167763901, 0.5772742822693152, 260.7998564094192, 0.0, 774.7476157407408, 1, 50, 0.025427635528977668,[5]
Feeds4U, 93, 0, 2.0, 0, 0.0, 0.0, 0.43785081475722737, 30.681302270011958, 331.8760551328973, 0.0, 1353.1570486111111, 1, 93, 0.0014780250393350962,[4]
FloorPaezOk, 4, 2, 2410.1666666666665, 3, 0.0, 0.0, 0.0016944133541136471, 1.0952590417942913, 9.19954144537384, 0.0, 1182.344988425926, 1, 0, 2.038463130693655,[2]
Gakitsuka_, 64, 0, 0.0, 0, 0.0, 0.0, 0.004195439702255408, 0.94121227346178, 220.83890018258674, 0.0, 463.11891203703703, 1, 64, 0.0,[0]
GaylWright, 2, 1, 3654.0, 1, 0.0, 0.0, 0.06246877591273601, 2.2785073698680547, 3.145686352239317, 0.0, 883.265162037037, 2, 2, 4.136923040837402,[2;0]
Gureggru_bot, 32, 0, 474.0, 10, 0.0, 0.0, 0.036382320563716805, 0.8982021217192223, 66.90578628557972, 0.0, 2273.690590277778, 1, 0, 0.2084716372697356,[4]
HENRlKSEDIN, 24, 24, 69126.10416666667, 31, 0.0, 0.0, 0.08693878645670726, 4.6141417284783675, 126.18901222079381, 0.0, 560.0633217592593, 1, 27, 123.42551543909211,[2]
HazelAvellana__, 8, 0, 7377.375, 7, 0.0, 0.0, 0.0013846403277128698, 1.9150510291137313, 18.688558092154505, 0.0, 725.4513541666666, 1, 0, 10.169358644970021,[2]
Hazzabrilha, 4, 74, 65884.53846153847, 76, 0.0, 0.0, 0.028592611823198142, 0.41838222730701563, 73.59465513237369, 0.0, 989.9870370370369, 2, 53, 66.55091026113469,[2;1]
HeartOfScandal, 42, 49, 12103.142857142857, 69, 0.0, 0.0, 0.13173912912439692, 1.0908785794392093, 201.86275253742562, 0.0, 229.9517013888889, 2, 55, 52.63341294733152,[2;1]
HiorI_maimai, 63, 6, 38801.565217391304, 17, 0.0, 0.0, 0.014336625513023754, 1.3400019439480506, 59.80643833042137, 0.0, 1465.944675925926, 3, 5, 26.46864227183969,[2;0;1]
Huckst3r, 6, 2, 219.0, 2, 0.0, 0.0, 0.00771792022736994, 526.625, 313.40140568547196, 0.0, 379.3980555555556, 2, 0, 0.5772301591775861,[0]
IAmWeddings, 49, 31, 2650.6375, 5, 0.0, 0.0, 0.6343059045142954, 0.8374482478776433, 92.14093008559624, 0.0, 123.4569212962963, 3, 69, 21.470140937975252,[5;1;2]
IDNMerdeka, 194, 2, 5.0, 0, 0.0, 0.0, 0.13283716371888013, 50.301557465091285, 867.468447103065, 0.0, 714.2684375, 1, 196, 0.007000169316595345,[0]
IHONOfukushima, 5, 20, 3088.32, 20, 0.0, 0.0, 0.033873684290410544, 1.1589858882399489, 26.87274341696637, 0.0, 2085.126840277778, 3, 19, 1.4811185297430531,[0;1;2]
I_AM_CALLYWOOD, 68, 0, 114.72058823529412, 0, 0.0, 0.0, 0.01396234810078957, 0.5594746607791152, 195.1160521162325, 0.0, 1826.8908680555558, 1, 68, 0.06279553433719691,[0]
Indo_nesia3, 5, 0, 0.0, 0, 0.0, 0.0, 0.04775465575974656, 83.89090909090909, 15.387415677454399, 0.0, 1001.5738657407409, 1, 0, 0.0,[4]
InfoSumseL_, 55, 0, 0.0, 0, 0.0, 0.0, 0.09945643213878144, 983.3454545454546, 268.98751427152916, 0.0, 412.9348611111111, 1, 55, 0.0,[0]
Itzmisschoi_, 26, 15, 3041.9024390243903, 23, 0.0, 0.0, 0.00625639459235873, 3.2690789553304853, 83.01220692759617, 0.0, 785.4132986111111, 3, 32, 3.872995841047702,[2;0]
Jamie_McMurray_, 25, 0, 0.0, 0, 0.0, 0.0, 0.01956508662099181, 0.9124764189067562, 22.28932432909131, 0.0, 2213.5672569444446, 1, 25, 0.0,[0]
JayalahMadrid, 7, 0, 0.0, 0, 0.0, 0.0, 0.0, 31.34375, 25.719386710883036, 0.0, 462.3579513888888, 1, 7, 0.0,[0]
JobCalifornia1, 50, 2, 0.0, 0, 0.0, 0.0, 0.13133262550091476, 0.4875180685236554, 105.32086317229171, 0.0, 789.0120486111113, 1, 52, 0.0,[0]
Juliasegura26, 1, 0, 1966.0, 0, 0.0, 0.0, 0.0012380073855594535, 1.1261574074074074, 18.544731631987833, 0.0, 1615.499247685185, 1, 1, 1.2169612600049429,[0]
KEYRISTWAL, 4, 0, 8.0, 0, 0.0, 0.0, 0.001688046682222825, 1.036610878661088, 45.14556819868713, 0.0, 1179.7352893518519, 1, 4, 0.006781182246735376,[4]
KLAASports, 0, 27, 0.0, 27, 0.0, 0.0, 0.026258264767057622, 45.02188552188551, 24.60882007596747, 0.0, 802.1623726851852, 1, 22, 0.0,[0]
KarenAimes, 18, 0, 3.0, 0, 0.0, 0.0, 0.04197082024292026, 1.5159393376663572, 41.47363109927142, 0.0, 1593.7281134259258, 1, 18, 0.0018823787914182613,[0]
Kiba_horse_bot, 184, 0, 1.0, 178, 0.0, 0.0, 0.01970749063467134, 0.8914418866129256, 414.48988107628344, 0.0, 1028.4195601851852, 2, 0, 0.0009723657918563239,[0;4]
KostinValentin, 2, 0, 0.0, 0, 0.0, 0.0, 0.0006045258199068403, 0.6570377913555103, 2.105440678744343, 0.0, 1640.0413425925926, 1, 0, 0.0,[0]
L1FOma, 2, 0, 1.0, 0, 0.0, 0.0, 0.012958258006086869, 0.84375, 18.041462931120194, 0.0, 1386.5293171296296, 1, 2, 0.0007212252836241384,[4]
LUCETE940114, 31, 54, 372.1764705882353, 76, 0.0, 0.0, 0.0040828976675553064, 2.451447059641229, 17.54877610848506, 0.0, 501.19523148148147, 2, 38, 0.7425778363615312,[0;2]
LeMagAllHabs, 1, 10, 8.0, 10, 0.0, 0.0, 0.030113224087362434, 1.0218194387779003, 14.559756347203534, 0.0, 1413.741898148148, 2, 5, 0.005658741535834194,[0;3]
LitigationEdge, 1, 0, 259.0, 1, 0.0, 0.0, 0.0485768281856913, 1.5371517027863777, 3.567460909505219, 0.0, 1873.3211574074076, 1, 1, 0.13825712637465984,[0]
LoLo_OOC, 6, 4, 23059.1, 10, 0.0, 0.0, 0.019929815710089147, 1.2606614581312616, 84.5823491094694, 0.0, 1208.9691666666668, 1, 7, 19.073356571679867,[0]
LordBlumenberg, 1, 0, 124.0, 1, 0.0, 0.0, 0.004245909098526173, 1.0760233918128654, 1.6474127302281554, 0.0, 471.04164351851847, 1, 1, 0.2632463641086228,[0]
Love_5sosFam_, 2, 0, 1443.0, 0, 0.0, 0.0, 0.0014815342796136613, 0.5050693703308431, 9.032880186694012, 0.0, 1339.6089699074075, 1, 2, 1.0771800073119389,[0]
LuciaMicaelaR, 1, 0, 244.0, 0, 0.0, 0.0, 0.031622005142858976, 0.802870090634441, 8.259753208193528, 0.0, 2340.14255787037, 1, 1, 0.10426715209267012,[0]
LucyBradshaw555, 9, 3, 2445.0833333333335, 10, 0.0, 0.0, 0.3853239368254165, 0.9405604597892604, 20.73494795742509, 0.0, 166.49648148148148, 2, 11, 14.685495522650351,[2;0]
MBLGTBCB, 3, 0, 1743.0, 1, 0.0, 0.0, 0.0009697575601787992, 1.2921598032857762, 19.308733881836833, 0.0, 1036.8959027777778, 1, 1, 1.6809787707045756,[2]
MULTi, 15, 4, 9593.0, 7, 0.0, 0.0, 0.03333173541289793, 1.2497781360984541, 46.1330689336913, 0.0, 3280.173159722222, 6, 4, 2.9245407278475426,[3;0;2;1]
M_kikuchi_bot, 5, 0, 0.0, 0, 0.0, 0.0, 0.008506226035571844, 2.156642601759958, 24.19807171870888, 0.0, 2108.953125, 1, 0, 0.0,[4]
Magic_FZ, 19, 0, 35.8421052631579, 0, 0.0, 0.0, 0.021396204062665656, 1.0626807978941415, 6.597956905425928, 0.0, 1453.8647337962964, 1, 19, 0.024652984854765587,[0]
Maneerh05, 6, 0, 1096.0, 0, 0.0, 0.0, 0.0008735666771133415, 1.1550541076303131, 11.655796044631046, 0.0, 1160.4035532407408, 1, 6, 0.9444990037639264,[0]
MaritalIntel, 9, 0, 36.111111111111114, 0, 0.0, 0.0, 0.06644934835801429, 1.185526052490292, 22.571618859134716, 0.0, 198.57376157407407, 2, 9, 0.1818523798152485,[4;0]
MarkSinderson, 1, 0, 21.0, 0, 0.0, 0.0, 0.026110725248604992, 2.1008583690987126, 2.1733552279845796, 0.0, 2757.4875578703704, 1, 1, 0.007615628197509789,[5]
MarquezRotsy, 2, 0, 5240.0, 0, 0.0, 0.0, 0.09904152689128787, 1.1220429400034417, 25.654895926878304, 0.0, 255.87395833333335, 2, 1, 20.478832758641744,[1;0]
Masaki_Gld_ANT, 55, 0, 0.0, 35, 0.0, 0.0, 0.01335105215572821, 2.2490481601461965, 161.89387444549763, 0.0, 1185.7958101851852, 1, 16, 0.0,[4]
MeStalke, 23, 28, 19377.352941176472, 33, 0.0, 0.0, 0.002236545118497391, 1.6707832903261388, 97.40563127062852, 0.0, 823.7614120370371, 3, 13, 23.523016079691345,[2;1]
Mercedeesss, 14, 9, 14261.695652173914, 11, 0.0, 0.0, 0.0060888615058288294, 1.5359363157424242, 33.659626438939554, 0.0, 493.91045138888893, 2, 7, 28.875063510135607,[1;2]
Michael_Vasanth, 239, 77, 1155.9050632911392, 0, 0.0, 0.0, 0.5047100941216432, 61.9814082278481, 259.66122986548845, 0.0, 2264.186076388889, 1, 316, 0.5105168145608739,[5]
MikaLacerda_, 2, 30, 11095.625, 30, 0.0, 0.0, 0.004533722614085898, 0.6944767539562773, 72.68047587965984, 0.0, 371.28747685185186, 2, 18, 29.884188645628054,[1;2]
Miss__Jackson_, 10, 3, 307.7692307692308, 9, 0.0, 0.0, 0.015156981471020157, 1.1429659623570638, 58.15210740814124, 0.0, 1184.9664583333333, 4, 5, 0.2597282215077304,[2;1;0]
Mizukin_R, 0, 8, 15.0, 0, 0.0, 0.0, 0.00540657186639286, 1.0027763724222756, 30.35535875328661, 0.0, 364.83751157407414, 1, 3, 0.04111419337140858,[4]
MyIdolisTiniS, 1, 0, 9999.0, 0, 0.0, 0.0, 0.002532626324118013, 1.0694006309148265, 18.124318184163204, 0.0, 1184.5411111111111, 1, 1, 8.441243538285336,[0]
NPRandBplaylist, 94, 0, 0.0, 0, 0.0, 0.0, 0.14056478997913344, 342.85460992907787, 328.3175818952368, 0.0, 783.5552777777779, 1, 94, 0.0,[0]
N_Takao_Bot, 12, 0, 12.0, 0, 0.0, 0.0, 0.009410967050588168, 0.943110071835822, 47.93474545518105, 0.0, 1950.435590277778, 1, 0, 0.006152471816970372,[4]
Nappy2TheRoot, 2, 1, 83.0, 1, 0.0, 0.0, 0.01422406990931286, 1.1745247653113822, 20.49554937394012, 0.0, 2530.2039814814816, 1, 0, 0.032803679311026124,[0]
Nasution_B, 2, 0, 93.0, 0, 0.0, 0.0, 0.0, 1.0789772727272728, 3.0194774908869313, 0.0, 1420.9763078703702, 1, 1, 0.0654479596069972,[0]
NenkUtrie, 1, 0, 8.0, 0, 0.0, 0.0, 0.002617347254537536, 2.3731019522776573, 5.2233526709720755, 0.0, 2292.397384259259, 1, 1, 0.003489796339383381,[0]
NewsInSG, 5, 0, 0.0, 0, 0.0, 0.0, 0.023408842337687363, 127.4, 33.12839263889239, 0.0, 1712.7740277777777, 1, 5, 0.0,[0]
OAUKNetworking, 2, 0, 294.5, 2, 0.0, 0.0, 0.017363190090335143, 0.42710723898569203, 1.9321902392254642, 0.0, 885.7439467592593, 1, 2, 0.3324888655209106,[0]
OKA_Ryuhei, 5, 1, 1196.8333333333333, 2, 0.0, 0.0, 0.04331601259851906, 0.9514253413434607, 32.67214878119369, 0.0, 2767.2381712962965, 3, 1, 0.4325010206015927,[0]
OTTAVAsongs, 16, 0, 51.875, 0, 0.0, 0.0, 0.08852155783948604, 955.25, 25.598479083565692, 0.0, 564.3193287037037, 2, 0, 0.09192490379367638,[0;1]
OshareTecho, 15, 0, 1.0, 0, 0.0, 0.0, 0.02521498290400772, 956.8, 50.627647654758114, 0.0, 1704.4597337962962, 1, 0, 0.0005866961713273962,[4]
Oye_TitoNikee, 105, 1, 309.33962264150944, 0, 0.0, 0.0, 0.0966885108529342, 6.863758882626807, 247.86072359518644, 0.0, 735.033402777778, 1, 106, 0.420851108905362,[0]
PINTATSPRAYP, 56, 21, 100.0, 0, 0.0, 0.0, 0.005637191771627176, 0.8827490509660393, 122.00364409187087, 0.0, 1938.9981828703703, 2, 77, 0.05157302409224867,[0]
PatriaDigital, 35, 0, 4.0, 0, 0.0, 0.0, 0.006726395979076039, 28.97563025210084, 75.87412194261736, 0.0, 1720.4846759259256, 1, 35, 0.0023249262582634113,[0]
PaulSchmehl, 9, 2, 12.454545454545455, 6, 0.0, 0.0, 0.05042014105948573, 1.0105298920831904, 10.116225199005738, 0.0, 1330.2109953703703, 2, 7, 0.009362834541205803,[0;1]
PeterReinert1, 14, 0, 1.0, 0, 0.0, 0.0, 0.16608898132322475, 2.210576166443173, 327.658372411203, 0.0, 981.8581365740739, 1, 14, 0.0010184770719416016,[5]
PinealTunes, 57, 0, 223.33333333333334, 0, 0.0, 0.0, 0.17815073422492309, 1.0507414630202665, 112.87286496086662, 0.0, 823.7311689814815, 1, 57, 0.271124053263006,[0]
Pkjhwan, 0, 1, 530.0, 1, 0.0, 0.0, 0.016843638099892193, 2.8459302325581395, 14.094756361989786, 0.0, 2374.7838657407406, 1, 1, 0.22317820482357154,[0]
PrivyTrifles, 5, 8, 2581.076923076923, 11, 0.0, 0.0, 0.12272750242566802, 2.746694465213046, 18.150854808416508, 0.0, 1002.4141898148149, 3, 11, 2.5748607205508023,[2;0]
Racheal_Lizzy, 38, 1, 0.0, 0, 0.0, 0.0, 0.1420294853314686, 1.0559258029032637, 80.9210135529183, 0.0, 63.047141203703696, 2, 33, 0.0,[4;0]
RadioElDorado1, 5, 0, 1.0, 0, 0.0, 0.0, 0.009412543310632581, 0.9738951695786229, 50.588034603222674, 0.0, 1596.2542013888888, 1, 0, 0.0006264666361597718,[0]
ReloadingBR, 2, 0, 102.5, 1, 0.0, 0.0, 0.010287658290703789, 137.28571428571428, 0.43909602878976917, 0.0, 1645.3151504629632, 2, 1, 0.062298095274427076,[3;0]
RememberLove_, 3, 0, 4274.333333333333, 1, 0.0, 0.0, 0.006189175419732758, 1.2987096127585473, 17.55957090924834, 0.0, 1770.2272222222225, 2, 2, 2.4145676214195975,[0;1]
RitaSchwarcz, 7, 0, 53.42857142857143, 0, 0.0, 0.0, 0.013319794638146846, 1.6318443405711462, 2.4208635392588533, 0.0, 2128.083020833333, 4, 6, 0.02510643189458342,[2;1;0]
Rizkiratya, 3, 6, 1236.6666666666667, 7, 0.0, 0.0, 0.0008049361517869853, 3.7962996657928443, 39.58952289801729, 0.0, 2477.359965277778, 3, 5, 0.4991873139146347,[0;3]
RubyHillDenver, 1, 0, 54.0, 0, 0.0, 0.0, 0.022759497837758803, 0.7691740412979351, 1.9305744040878905, 0.0, 1757.5080208333331, 1, 1, 0.030725322080974386,[2]
Rustemka, 0, 1, 0.0, 1, 0.0, 0.0, 0.0, 0.5612943372744243, 0.9294980030768848, 0.0, 2493.819236111111, 1, 0, 0.0,[0]
SABO_san_bot, 7, 0, 68.0, 1, 0.0, 0.0, 0.007932124412910316, 0.9889040672491342, 20.724281326080728, 0.0, 1637.5326273148148, 1, 0, 0.04152589015066204,[4]
SETYO_OFFICIAL, 374, 0, 256.97058823529414, 0, 0.0, 0.0, 0.011958089820012802, 0.24059375071614775, 124.10997265042555, 0.0, 1355.1019212962963, 3, 18, 0.18963192671845303,[0;4]
SHIRANEbot, 5, 0, 2.0, 1, 0.0, 0.0, 0.014613860974220239, 0.8160844841592201, 24.111125804264393, 0.0, 1940.8380671296297, 1, 1, 0.0010304826733730892,[4]
STiSG5, 13, 5, 654.2777777777778, 11, 0.0, 0.0, 0.010230106070318556, 1.0754198103178718, 39.51271368805744, 0.0, 2438.5149421296296, 2, 3, 0.2683099317842921,[0;2]
SaxonLynnArts, 11, 0, 940.0, 0, 0.0, 0.0, 0.07649281771364785, 0.8263248138225259, 7.324909183397292, 0.0, 1321.6046064814816, 1, 7, 0.7112566007942189,[0]
ScienceFan4, 15, 0, 19.6, 0, 0.0, 0.0, 0.07222933795088808, 0.6732319575187062, 57.97676559247858, 0.0, 1182.9130671296296, 1, 15, 0.01656926493132748,[4]
Seedvillage, 77, 1, 7114.371794871795, 18, 0.0, 0.0, 0.024479858221172893, 1.3516910454950515, 64.02948179350808, 0.0, 2233.0754513888887, 2, 2, 3.185907484875589,[0;2]
Shakshi_Shah, 31, 1, 52.5625, 4, 0.0, 0.0, 0.31119353436472846, 1.7478703254474817, 217.70247211865558, 0.0, 340.37111111111113, 2, 29, 0.15442703062670157,[0;2]
ShishaLK, 0, 1, 0.0, 1, 0.0, 0.0, 0.0, 1.8501026694045175, 1.0713558714986386, 0.0, 1269.4194675925926, 1, 0, 0.0,[0]
Soobrando, 2, 20, 9253.181818181818, 21, 0.0, 0.0, 0.0037845235005378106, 0.7365047675371398, 33.22454195562346, 0.0, 516.8972685185184, 3, 16, 17.901394303557463,[2;1;0]
SoutokuD, 25, 4, 1659.6206896551723, 19, 0.0, 0.0, 0.03582442048783997, 1.2195889648578009, 60.35575838519864, 0.0, 2245.7731481481483, 2, 4, 0.7389974766701998,[0;1]
SteamDevelopers, 24, 0, 18.0, 0, 0.0, 0.0, 0.3136547364593865, 1.6449458998935043, 744.58993318772, 0.0, 183.5574189814815, 1, 24, 0.09806195848622147,[0]
Stephbutta, 5, 9, 700.3571428571429, 11, 0.0, 0.0, 0.005181343670668559, 1.2332736085560616, 40.85906582392388, 0.0, 2409.1237152777776, 1, 6, 0.29071032691917614,[0]
TEATEA_WORLD, 1, 0, 0.0, 0, 0.0, 0.0, 0.001341263595740172, 0.8076009501187649, 6.097384306234821, 0.0, 745.5656018518517, 1, 0, 0.0,[4]
TPOKheichou_01, 20, 5, 5978.12, 8, 0.0, 0.0, 0.697599278650589, 1.1164131274345344, 123.79971127588027, 0.0, 165.55335648148147, 4, 8, 36.109929312539805,[2;0]
TSIphilanthropy, 1, 0, 0.0, 1, 0.0, 0.0, 0.012368614028984879, 1.348109517601043, 1.136538200218944, 0.0, 2182.9446643518518, 1, 1, 0.0,[0]
Taiwan_Agent, 13, 0, 0.0, 0, 0.0, 0.0, 0.09940203165792473, 0.5489389971763461, 64.48209256136437, 0.0, 778.6776388888889, 1, 13, 0.0,[0]
TanabeYasuokun, 2, 0, 1221.0, 1, 0.0, 0.0, 0.012068117604401619, 1.6663625614156694, 90.53965707668868, 0.0, 1902.6610185185184, 2, 0, 0.6417328090059444,[2;0]
TasteLikeLov, 22, 0, 0.0, 2, 0.0, 0.0, 0.9207586850003515, 0.7104377945682662, 85.87545337819749, 0.0, 718.6968981481482, 2, 22, 0.0,[4;0]
TayMomsen_bot, 5, 0, 12.0, 0, 0.0, 0.0, 0.004566750343151064, 0.8591818614894955, 25.591279404620025, 0.0, 1969.3079050925926, 1, 0, 0.006093511313780963,[4]
TechAdmissions, 0, 1, 2890.0, 1, 0.0, 0.0, 0.0068612510117381465, 12.270588235294118, 1.1276956127149624, 0.0, 2040.4442245370367, 1, 1, 1.416358244565946,[0]
Teddypinderass, 20, 6, 337.38461538461536, 15, 0.0, 0.0, 0.011326555517757202, 1.1519946029169505, 85.49908939116918, 0.0, 2521.18337962963, 1, 7, 0.13381994269460012,[2]
TennisMajesty, 6, 0, 4950.333333333333, 3, 0.0, 0.0, 0.027002426335006394, 1.250103073498121, 37.55644222377045, 0.0, 833.8659837962963, 2, 1, 5.936605437238511,[2]
TeresaMamaT, 32, 0, 9.0, 11, 0.0, 0.0, 0.5744709326289912, 0.3736127921857951, 22.19002607413674, 0.0, 150.0588773148148, 2, 18, 0.05997645831454892,[0]
Thaynara_aalves, 10, 51, 16038.737704918032, 53, 0.0, 0.0, 0.0030127566790699102, 1.363663450644191, 36.01994020907878, 0.0, 1464.0383449074077, 1, 23, 10.95513499404443,[2]
TheAgeOfThanos, 11, 8, 64201.78947368421, 11, 0.0, 0.0, 0.02910918789930116, 2.291349178960684, 29.795935588404642, 0.0, 612.9696412037036, 1, 12, 104.73893837157999,[2]
TheKid_TS2, 18, 11, 2798.4137931034484, 18, 0.0, 0.0, 0.0033195990948668543, 1.2000470929530613, 66.06914535437826, 0.0, 848.2254513888888, 2, 11, 3.2991391481136425,[2;1]
TheReal_LilJoe, 3, 0, 290.0, 1, 0.0, 0.0, 0.007804597379585007, 0.7906036065707033, 19.246418869224783, 0.0, 2563.807337962963, 2, 2, 0.11311302362930882,[0;2]
TheTypoOfGod, 13, 2, 13670.6, 6, 0.0, 0.0, 0.010459075873969976, 4.768700118682381, 35.321344202920564, 0.0, 1751.873854166667, 2, 2, 7.80341573537716,[2;1]
TickerReport, 326, 3, 0.0, 0, 0.0, 0.0, 0.1514416806667584, 88.5838629455651, 593.2220472526477, 0.0, 894.1303587962962, 1, 329, 0.0,[5]
Tonedezzy, 0, 2, 148.5, 2, 0.0, 0.0, 0.0, 1.4666221628838452, 14.320557723409166, 0.0, 1975.4671875000001, 1, 2, 0.07517209141192076,[0]
TrvpForSyd, 6, 8, 13206.42857142857, 10, 0.0, 0.0, 0.0036666007875433624, 1.6789858174670154, 38.630197262551334, 0.0, 1652.7696064814816, 2, 6, 7.990483682443335,[2]
TweetNoticia_, 57, 0, 1.0, 0, 0.0, 0.0, 0.03757489277214765, 359.1345029239768, 237.41491629349363, 0.0, 1703.4210185185184, 1, 57, 0.0005870539280240358,[4]
TwitMJLK, 16, 0, 0.0, 0, 0.0, 0.0, 0.0026416154032683423, 1.239550696257615, 110.78105531575089, 0.0, 758.2636342592592, 1, 16, 0.0,[0]
UncommonGraces, 0, 3, 317.6666666666667, 3, 0.0, 0.0, 0.3833012821498123, 0.7036752347321453, 39.040989775439776, 0.0, 378.2655555555555, 2, 2, 0.8397980254906167,[4;2]
Victoori000, 9, 0, 328.55555555555554, 0, 0.0, 0.0, 0.002246200313881002, 0.5492947214030475, 15.063448126717775, 0.0, 881.7636805555554, 3, 9, 0.37261180382089343,[0]
Worldplplpl, 58, 5, 17953.95238095238, 9, 0.0, 0.0, 0.060262277272394804, 0.814668228204007, 223.55603138596055, 0.0, 780.3953009259259, 6, 7, 23.006228202105163,[0;2]
WritersUSA, 403, 2, 0.0, 125, 0.0, 0.0, 10.251427947761815, 18.55893437296947, 1801.5871249055285, 0.0, 154.79011574074073, 1, 405, 0.0,[5]
YMZKMSYK, 19, 0, 0.0, 6, 0.0, 0.0, 0.013404444926793798, 0.7934974835887647, 63.940393082647056, 0.0, 1951.151527777778, 1, 0, 0.0,[4]
YiFace99, 27, 0, 549.2962962962963, 2, 0.0, 0.0, 0.02137199028789271, 0.9112934021042048, 78.3105348943044, 0.0, 411.45548611111116, 3, 1, 1.3350078315591156,[4;0]
_AV505, 7, 0, 5.0, 0, 0.0, 0.0, 0.0006594886578817429, 48.616854636591476, 1.7374031653057818, 0.0, 1512.9892708333334, 3, 6, 0.003304716098380572,[0;2]
_Ail47, 10, 2, 641.1666666666666, 2, 0.0, 0.0, 0.0, 0.984970464719458, 5.011672139575037, 0.0, 1355.9166666666667, 2, 12, 0.4728658349210251,[2;0]
_BaddBby, 4, 13, 70.76470588235294, 14, 0.0, 0.0, 0.000603253068350085, 1.0191101763785382, 18.797583408644332, 0.0, 1653.7166319444448, 1, 8, 0.042791312922303745,[3]
_BookBH, 64, 94, 57921.943037974685, 101, 0.0, 0.0, 0.008461746463368426, 7.809147172471992, 254.673022626951, 0.0, 1022.6081712962963, 2, 111, 56.641384905570106,[2;1]
_MerengUeSoy, 10, 5, 12419.266666666666, 12, 0.0, 0.0, 0.003557146982055649, 1.8920430965321315, 42.50188594891031, 0.0, 1689.8173495370372, 2, 4, 7.34947281140722,[1;2]
_ThePage, 400, 0, 0.0, 0, 0.0, 0.0, 0.1455458957889858, 1.0183813730328293, 524.7692262603043, 0.0, 231.55800925925925, 3, 400, 0.0,[4;5;0]
__reuzX, 2, 0, 429.0, 0, 0.0, 0.0, 0.015732440955861234, 3.3366373300801673, 50.9714869884112, 0.0, 643.6728472222222, 2, 0, 0.6664876448515027,[4;2]
_clubROSARIO_, 5, 0, 1.0, 0, 0.0, 0.0, 0.007860831337484584, 0.9947219620640636, 7.8965104453634325, 0.0, 762.774525462963, 1, 5, 0.0013110034048306135,[4]
_ignaciio17, 17, 5, 11492.772727272728, 7, 0.0, 0.0, 0.0, 1.6351109181591228, 107.75150716752387, 0.0, 681.1707523148148, 2, 1, 16.872087781539314,[2;1]
_ilovebrandi, 9, 5, 80.14285714285714, 6, 0.0, 0.0, 0.013363284094497507, 1.6815550474186387, 40.70130962628054, 0.0, 2197.967199074074, 1, 4, 0.03646226257453637,[0]
_liddoboss, 6, 9, 977.6666666666666, 11, 0.0, 0.0, 0.007066133646416417, 2.1278170850996934, 48.40186465704806, 0.0, 2558.4690277777777, 2, 8, 0.3821295689148301,[2;0]
_takamachi_n, 14, 0, 113.0, 0, 0.0, 0.0, 0.012959262146489027, 3.1647911168650102, 63.85280569013399, 0.0, 1145.613263888889, 1, 0, 0.09863712612440534,[4]
a28j52t, 20, 1, 70283.09523809524, 12, 0.0, 0.0, 0.07045108297539782, 1.9443257018405864, 140.38545883715875, 0.0, 830.3057175925927, 2, 3, 84.64724949970915,[0]
a_kamesaki, 2, 0, 339.0, 0, 0.0, 0.0, 0.028673435276239785, 0.6590747330960854, 85.82832765744357, 0.0, 2232.274467592593, 1, 0, 0.15186304592982966,[0]
abipluse, 2, 34, 16907.694444444445, 36, 0.0, 0.0, 0.007821586856010095, 0.7363220847317122, 43.6109500699695, 0.0, 2500.181666666667, 1, 33, 6.762586363168721,[2]
aconnectedwoman, 65, 5, 967.5428571428571, 5, 0.0, 0.0, 0.40568641905260117, 0.5048389290723247, 110.1623858162274, 0.0, 657.5087152777778, 3, 70, 1.4715285663310167,[2;0;1]
advallo, 19, 32, 21534.823529411766, 50, 0.0, 0.0, 0.016392809381533497, 0.8479705570788614, 106.7119345131831, 0.0, 174.07752314814817, 2, 14, 123.70823722649487,[1;2]
aerith_bot_, 74, 0, 58.0, 58, 0.0, 0.0, 0.028784301076857175, 1.3081113604579304, 211.5954564478225, 0.0, 2003.2672916666668, 1, 0, 0.028952701539765816,[4]
agnezmo_crew, 9, 0, 1.0, 0, 0.0, 0.0, 0.012555983357011795, 239.22222222222223, 74.45465960433498, 0.0, 933.8249421296297, 1, 9, 0.001070864521694457,[0]
aicha77maroc, 48, 1, 3750.081632653061, 1, 0.0, 0.0, 0.013981641977441154, 1.1826604837405648, 96.77853151138957, 0.0, 488.77685185185186, 7, 48, 7.672379775034252,[0;2]
ainTYPO, 1, 1, 6283.0, 2, 0.0, 0.0, 0.0, 1.3354995752194698, 8.557632774998684, 0.0, 2339.421400462963, 2, 2, 2.685706815692383,[2;0]
akakoseizin, 6, 4, 20421.0, 7, 0.0, 0.0, 0.10053554956576402, 1.1662328450497885, 55.74367239719943, 0.0, 219.77443287037036, 1, 3, 92.91799657171644,[2]
akconservative9, 3, 2, 10134.4, 5, 0.0, 0.0, 0.019331187559008388, 0.9957660503762125, 25.46510903164984, 0.0, 1390.1853125, 1, 1, 7.289963365945142,[2]
akipoo, 26, 22, 100302.47916666667, 25, 0.0, 0.0, 0.02777608707288828, 1.0604837703312568, 71.40953213788339, 0.0, 3271.6729629629626, 5, 22, 30.657856180046977,[0;2;1]
akuyo_dame, 9, 0, 0.0, 0, 0.0, 0.0, 0.0038904969261311017, 1002.4444444444445, 27.416722476587378, 0.0, 766.1216319444444, 1, 5, 0.0,[4]
aladdinkhalil21, 8, 0, 1282.625, 0, 0.0, 0.0, 0.0, 0.513864685227379, 18.681082274145652, 0.0, 232.0796875, 1, 2, 5.526657734748975,[0]
alalnmmohna, 12, 103, 0.0, 103, 0.0, 0.0, 0.015591462907588637, 1.0261877367149175, 79.53117958573115, 0.0, 105.3226736111111, 2, 102, 0.0,[0]
alamri553, 22, 9, 859.6129032258065, 19, 0.0, 0.0, 0.0, 3.5082158277590265, 43.868340806350325, 0.0, 202.11503472222225, 2, 16, 4.253087378715886,[2;0]
albur1948, 3, 35, 930.8157894736842, 37, 0.0, 0.0, 0.018932899783307172, 5.106349231181583, 72.00165717467641, 0.0, 920.9545717592592, 3, 24, 1.0107076049316823,[2;1]
algazwany1, 17, 0, 491.47058823529414, 0, 0.0, 0.0, 0.0006630276785120127, 0.508448449189385, 19.015371619794877, 0.0, 1493.991712962963, 3, 17, 0.32896473519293074,[0]
ali_abuibrahim, 8, 0, 1131.75, 0, 0.0, 0.0, 0.0, 0.7288702322974319, 28.00779054858204, 0.0, 778.5956249999999, 2, 8, 1.453578678919497,[0]
allgringo, 0, 81, 1249.2222222222222, 81, 0.0, 0.0, 0.10412142309014237, 2.318063618209816, 51.13467398295446, 0.0, 2502.2992824074076, 2, 77, 0.49922974082475563,[1;2]
allofletters, 340, 1, 4.0, 0, 0.0, 0.0, 0.061483989455691945, 116.12153796024772, 1064.0769480577812, 0.0, 718.4447569444445, 1, 341, 0.005567581865322611,[5]
alltheamourhs, 147, 3, 8083.133333333333, 150, 0.0, 0.0, 0.02397972135432659, 5.409737452573249, 35.024190292375835, 0.0, 1190.9712268518517, 2, 3, 6.787009753963449,[2;1]
alnaif1199, 1, 41, 13409.357142857143, 42, 0.0, 0.0, 0.001347776240496156, 12.559999700969653, 51.476303562971616, 0.0, 1471.1755671296298, 1, 22, 9.11472256776244,[2]
alwah3011, 12, 0, 356.75, 0, 0.0, 0.0, 0.0, 2.048896870190131, 9.925778684910034, 0.0, 678.7372106481481, 2, 12, 0.5256084304842045,[0]
alznati, 7, 0, 1.0, 0, 0.0, 0.0, 0.0005609228466750453, 0.5091861061524765, 5.158566638896147, 0.0, 1789.4126851851852, 2, 7, 0.0005588425790647117,[0]
am2001015, 2, 3, 1566.6, 5, 0.0, 0.0, 0.15068542768873897, 0.9067315887572922, 12.825297774319193, 0.0, 144.2431597222222, 1, 4, 10.860826974512321,[2]
amagamere, 40, 0, 0.0, 0, 0.0, 0.0, 0.06044218345224146, 1.7267171063243343, 184.88993589228966, 0.0, 911.9859606481482, 1, 40, 0.0,[1]
amalboom, 14, 28, 4749.690476190476, 36, 0.0, 0.0, 0.00486375250505048, 0.6399926592318023, 89.70638911764107, 0.0, 309.99766203703706, 1, 10, 15.321697734684868,[2]
amulet_ot13, 11, 4, 9557.466666666667, 8, 0.0, 0.0, 0.013694605872393743, 0.9148815823495373, 24.837605231739676, 0.0, 2181.28087962963, 2, 3, 4.381584579923277,[2;1]
ananda_moura, 1, 7, 4365.5, 7, 0.0, 0.0, 0.00042866157412857226, 1.5308703168733986, 15.143518878883572, 0.0, 2336.648958333333, 1, 1, 1.8682737877382274,[2]
angomeigen, 2, 0, 0.0, 0, 0.0, 0.0, 0.049158026085396295, 347.6666666666667, 7.706082728592298, 0.0, 1001.8525115740741, 1, 2, 0.0,[0]
anknown_zero, 22, 0, 209.0, 0, 0.0, 0.0, 0.003255693870257846, 0.844258415815181, 88.30295459263432, 0.0, 1673.8929398148148, 1, 0, 0.12485864240703588,[4]
annaeuscaesar, 17, 10, 21606.25925925926, 14, 0.0, 0.0, 0.024931569062716787, 1.4035008208598148, 99.02172235885357, 0.0, 2219.5814930555557, 3, 11, 9.73438430932099,[0;1;2]
aoi_suzume__, 15, 2, 8890.70588235294, 5, 0.0, 0.0, 0.021169338880336317, 1.5010301504731849, 140.9279258013918, 0.0, 1029.228738425926, 1, 3, 8.638221563799453,[2]
aoxche_, 0, 73, 8531.671232876712, 73, 0.0, 0.0, 0.004590122040445855, 1.2353966513108567, 92.68085550294724, 0.0, 1960.8143634259259, 3, 54, 4.351085646868791,[2;1]
arcamovil, 1, 0, 1.0, 0, 0.0, 0.0, 0.0, 0.457, 1.6725408494428295, 0.0, 1874.9915740740742, 1, 0, 0.0005333357300519227,[0]
argentsofre, 0, 14, 18784.571428571428, 14, 0.0, 0.0, 0.00851337098523947, 1.1696465434974925, 40.781449303077025, 0.0, 821.9821527777777, 2, 9, 22.852772855336948,[2;1]
asagiriasagi, 11, 0, 63151.09090909091, 1, 0.0, 0.0, 0.030381390922894092, 0.7744931119233982, 94.74577572920249, 0.0, 2218.8904050925926, 2, 0, 28.460662484344585,[4;2]
asrol_rizal, 0, 45, 66415.06666666667, 45, 0.0, 0.0, 0.04183880692822011, 0.32782952522101916, 36.80700763390101, 0.0, 1800.5428124999999, 1, 43, 36.886135783936915,[2]
auob_max, 12, 1, 3669.4615384615386, 6, 0.0, 0.0, 0.005515683437295755, 4.454434380708824, 26.61305063693537, 0.0, 1097.030462962963, 2, 5, 3.344903958774957,[0;2]
ayanasivan, 6, 1, 2107.5714285714284, 1, 0.0, 0.0, 0.03787428622155289, 0.7163054613522474, 12.597511433149768, 0.0, 485.9569097222222, 1, 1, 4.336951253098011,[1]
ayeedanni, 9, 21, 14663.666666666666, 22, 0.0, 0.0, 0.005588895520080448, 1.3718061771491865, 77.89759359895838, 0.0, 526.0106597222222, 1, 6, 27.877128335023315,[2]
ayo_kx, 0, 2, 424.0, 2, 0.0, 0.0, 0.0012069084006354454, 1.0583096970444363, 1.7434289703184684, 0.0, 1260.1061805555555, 1, 1, 0.336479581278672,[2]
ayuyuperopero, 11, 1, 4541.333333333333, 4, 0.0, 0.0, 0.01611792814329854, 1.0301579757813233, 23.12133429387586, 0.0, 1956.6067013888887, 4, 6, 2.3210251350512534,[0;3]
azusa_10281023, 8, 0, 2581.75, 1, 0.0, 0.0, 0.033140834209223966, 0.9022774047695205, 24.240959659165924, 0.0, 362.47875, 1, 1, 7.122486490587379,[2]
baekhyunstrash, 2, 28, 2604.1, 30, 0.0, 0.0, 0.012389267931540406, 0.3928518896981761, 79.32619261116588, 0.0, 370.3285648148148, 2, 22, 7.031863721617578,[2]
batchild100, 35, 3, 7.0, 20, 0.0, 0.0, 0.07880245614309245, 0.3085440978345921, 29.906420582989217, 0.0, 2513.5955439814816, 3, 37, 0.0027848553506393276,[1;0]
bbboladona1, 2, 60, 38865.3870967742, 61, 0.0, 0.0, 0.025594582501694888, 0.36453245189825406, 461.31204981726967, 0.0, 71.07966435185185, 1, 28, 546.7863059170683,[2]
bebo20205656, 8, 0, 1064.875, 0, 0.0, 0.0, 0.0, 0.6989979904880461, 11.358116667841468, 0.0, 580.9316666666666, 1, 8, 1.8330469160170877,[0]
beluquintero99, 7, 5, 2.0, 0, 0.0, 0.0, 0.07051149153497964, 4.591939988314707, 22.540014613308426, 0.0, 125.42821759259259, 1, 0, 0.015945375278282787,[0]
bestactor16, 0, 184, 0.0, 184, 0.0, 0.0, 4.598429004843614, 953.3097826086956, 1792.2774848315585, 0.0, 69.1494560185185, 1, 99, 0.0,[0]
bestcoupons_pro, 61, 0, 0.0, 0, 0.0, 0.0, 0.003701047039010436, 1.6200695736179545, 241.4380943117426, 0.0, 1063.267824074074, 1, 61, 0.0,[0]
bflitter, 2, 0, 4.5, 0, 0.0, 0.0, 0.0720241713273098, 1.926130095004597, 2.4276336540814056, 0.0, 3302.862141203704, 1, 2, 0.0013624546855473681,[4]
bftp_ust, 13, 0, 0.0, 1, 0.0, 0.0, 0.005268268337800337, 0.8676731558113304, 42.94612087962678, 0.0, 2267.481238425926, 2, 13, 0.0,[0;4]
blackbullrt, 1, 56, 11794.912280701754, 57, 0.0, 0.0, 0.6533787756895463, 0.7032450664874658, 150.90771934138985, 0.0, 124.50398148148149, 1, 43, 94.73522163992891,[2]
blazinbling91, 41, 5, 19778.239130434784, 42, 0.0, 0.0, 0.054530465253999606, 2.121539383784325, 34.385279248622325, 0.0, 646.8301504629629, 2, 13, 30.57717565620385,[2;1]
blog_takara, 3, 0, 0.0, 0, 0.0, 0.0, 0.001821897171013714, 1.0117448918532852, 11.123760500124442, 0.0, 1114.9468287037037, 1, 3, 0.0,[4]
blvd_beats, 7, 0, 10.0, 0, 0.0, 0.0, 0.03357685277358357, 0.338964744799824, 5.549407301124048, 0.0, 27.383761574074075, 1, 7, 0.36517992507894265,[4]
bogadaevs, 6, 0, 0.0, 0, 0.0, 0.0, 0.018842409238890356, 0.4523265728967755, 53.11889449791943, 0.0, 166.32336805555556, 2, 6, 0.0,[5;4]
bootliquor, 112, 0, 0.0, 0, 0.0, 0.0, 0.022190292056994517, 52.64508928571431, 390.65041195267804, 0.0, 3220.5663310185187, 1, 112, 0.0,[0]
bot_kiao, 21, 0, 0.0, 0, 0.0, 0.0, 0.029395141498680964, 0.8451086448578581, 48.33993097762393, 0.0, 1321.095787037037, 1, 0, 0.0,[4]
bot_sisoku, 22, 0, 0.0, 0, 0.0, 0.0, 0.007353509042599663, 0.6548006460470926, 45.678714966477656, 0.0, 863.6098726851851, 1, 0, 0.0,[4]
bouzaku2, 67, 2, 1859.304347826087, 53, 0.0, 0.0, 0.014201566501486816, 3.2847591982255095, 58.49619747583652, 0.0, 1763.5884143518522, 4, 6, 1.0542733966130142,[2;4;0]
bowwell5062, 4, 0, 0.0, 0, 0.0, 0.0, 0.0023792875915718413, 0.8067035728549403, 42.8806081665156, 0.0, 1259.301736111111, 1, 4, 0.0,[4]
bravorubendario, 6, 26, 1058.21875, 32, 0.0, 0.0, 0.027420273810610452, 7.094783768667997, 92.40524093700412, 0.0, 970.2015393518518, 1, 16, 1.0907205431842013,[2]
bundadoney, 2, 24, 18443.615384615383, 24, 0.0, 0.0, 0.023092978849353817, 0.5385876790174355, 80.6600252173342, 0.0, 388.10484953703696, 2, 9, 47.52224922367352,[2]
bunkyokucom, 69, 115, 68175.94021739131, 134, 0.0, 0.0, 0.0317778534802997, 1.8214853596900282, 251.08838770140198, 0.0, 1374.1747569444444, 5, 63, 49.61227811299953,[0;2]
butte_tocks, 1, 8, 12089.222222222223, 9, 0.0, 0.0, 0.08153302670437595, 0.8003016930291182, 28.00729912409967, 0.0, 731.8151504629631, 1, 6, 16.51950251996601,[2]
ceek_national, 139, 0, 0.0, 0, 0.0, 0.0, 0.027864541626190554, 940.6906474820144, 418.5938728143707, 0.0, 2125.605266203704, 1, 139, 0.0,[4]
ceek_sports, 84, 0, 0.0, 0, 0.0, 0.0, 0.029914423733115987, 958.9404761904761, 274.5186730857448, 0.0, 2125.656284722222, 1, 84, 0.0,[4]
chash_a, 7, 8, 2710.6, 10, 0.0, 0.0, 0.00988460837713841, 0.7116987385242688, 68.19928387408542, 0.0, 417.3663773148148, 2, 5, 6.494533693487782,[0;2]
chibireeei00, 11, 8, 34947.94736842105, 14, 0.0, 0.0, 0.02735514518905455, 0.8527957882417606, 81.92570926188472, 0.0, 987.9310069444444, 1, 8, 35.374886629493474,[2]
chimbaee, 0, 17, 32882.64705882353, 17, 0.0, 0.0, 0.019112641895649356, 1.22768164305024, 52.72344923674218, 0.0, 749.6476273148147, 1, 17, 43.86413811060387,[2]
cilaoucaribde, 7, 26, 13421.60606060606, 27, 0.0, 0.0, 0.009719505806356728, 1.279952502710344, 150.12111192764868, 0.0, 2053.0870949074074, 2, 4, 6.537280417327529,[3;2]
cnxxk, 7, 15, 463.77272727272725, 17, 0.0, 0.0, 0.006295304015732101, 3.93477546448113, 184.56790437131355, 0.0, 298.8548263888889, 1, 11, 1.5518328175474625,[2]
collectivemode_, 12, 61, 187521.5205479452, 62, 0.0, 0.0, 0.04704783301877953, 2.2231850452907476, 113.53615918630743, 0.0, 1587.4789930555555, 3, 41, 118.1253555910095,[0;2]
cynthharrington, 3, 7, 23816.0, 9, 0.0, 0.0, 0.0358907482021024, 0.7297307943959356, 41.737795825815525, 0.0, 1459.9251157407407, 2, 6, 16.313165478981553,[2;1]
darkvader2015, 21, 182, 363.57142857142856, 198, 0.0, 0.0, 0.03393741893153632, 7.0872354829266255, 133.7626140696548, 0.0, 1901.7090046296298, 1, 82, 0.19118142033630242,[2]
dawlaoeee0, 7, 0, 262.0, 0, 0.0, 0.0, 0.0, 0.7189302047090438, 47.161279324060565, 0.0, 529.0991203703703, 2, 6, 0.49518131842026036,[0]
demosco4real, 181, 1, 57.0, 0, 0.0, 0.0, 0.08721168833716288, 1.2885290520995154, 320.1510676287817, 0.0, 1497.0222453703702, 1, 182, 0.0380755865026561,[0]
dgantena, 15, 0, 0.0, 0, 0.0, 0.0, 0.013414554466868425, 0.7347777099782241, 54.708801553515016, 0.0, 878.8429976851853, 1, 15, 0.0,[5]
ec5d97, 5, 0, 1.0, 0, 0.0, 0.0, 0.016917383168030882, 0.6014199561435897, 10.625632415361954, 0.0, 470.09181712962965, 1, 5, 0.0021272440054497825,[4]
eitango8, 19, 0, 2.0, 0, 0.0, 0.0, 0.0019306185228629862, 0.8012745519875779, 44.723411372638296, 0.0, 504.65533564814814, 1, 0, 0.003963100870480887,[4]
ekidencom_pref, 274, 4, 0.0, 4, 0.0, 0.0, 0.07797247112808021, 67.56038026721473, 893.58382221186, 0.0, 1269.4753935185186, 1, 212, 0.0,[0]
enjoynewvideos, 247, 7, 34.05118110236221, 3, 0.0, 0.0, 0.3889911125643437, 0.20009362126179875, 274.7302542602905, 0.0, 56.68633101851852, 3, 254, 0.6006947440510523,[0;2;1]
f_mzher, 6, 0, 65.0, 0, 0.0, 0.0, 0.0, 0.635041796624973, 1.9613965995959595, 0.0, 1758.2647222222224, 2, 5, 0.03696826716619116,[0]
feeeeepaaaaai, 4, 4, 32302.0, 4, 0.0, 0.0, 0.037684304297582794, 1.1379423077059498, 63.009512700827145, 0.0, 1195.1453356481481, 3, 3, 27.027675242929398,[2;0]
fejatiodaisuki2, 16, 0, 23.875, 0, 0.0, 0.0, 0.11231704171110167, 5.383722076700921, 53.55924189149794, 0.0, 80.50106481481482, 2, 16, 0.29657992791675747,[0;4]
figppei, 44, 27, 211890.70422535212, 31, 0.0, 0.0, 0.03948971102073827, 0.7622973371807051, 132.76985510664394, 0.0, 2141.128414351852, 4, 17, 98.96216537273607,[0;1]
fissionreactor, 5, 5, 1205.4, 3, 0.0, 0.0, 0.014218068448001317, 1.018971983656402, 8.663322494314968, 0.0, 776.8524074074074, 3, 4, 1.5516460894068491,[1;2;4]
funnyquad, 18, 0, 0.0, 0, 0.0, 0.0, 0.003183820528302713, 0.6989178138746123, 11.714582999943097, 0.0, 1755.3274537037034, 1, 8, 0.0,[0]
game8fan369, 29, 0, 0.0, 0, 0.0, 0.0, 0.010500195708422673, 0.8206873523923076, 113.49689249818933, 0.0, 597.9109837962963, 1, 29, 0.0,[0]
games_nmp, 338, 4, 0.0, 0, 0.0, 0.0, 0.10189663651042462, 0.8657543395256142, 1017.8947381509957, 0.0, 296.92375, 2, 342, 0.0,[0]
genkou_yuri, 38, 0, 0.0, 24, 0.0, 0.0, 0.0529767581430765, 0.9984290036393246, 533.4515581508025, 0.0, 2145.043101851852, 1, 1, 0.0,[0]
gerapogera, 4, 0, 3.0, 0, 0.0, 0.0, 0.0, 0.8666209115791543, 13.224091815328025, 0.0, 200.78626157407408, 1, 4, 0.014941261301850774,[0]
gilalbertson, 1, 1, 2526.5, 2, 0.0, 0.0, 0.0272280492949976, 2.2265751424751987, 14.644422879115886, 0.0, 2487.4676041666667, 2, 1, 1.01569161976942,[1;0]
girl_kigyo, 8, 0, 0.0, 0, 0.0, 0.0, 0.0017951357167503951, 0.7828728931279915, 44.95573790760561, 0.0, 1101.957222222222, 1, 8, 0.0,[0]
gonegonems, 17, 0, 0.0, 0, 0.0, 0.0, 0.003858582242552701, 0.4528463692660376, 27.709954163694448, 0.0, 527.1646412037037, 1, 17, 0.0,[4]
guadagnaincam, 13, 0, 16.0, 0, 0.0, 0.0, 0.008706123528876957, 0.843340107613805, 528.3052707291722, 0.0, 806.9577662037037, 1, 13, 0.01982755562942442,[5]
guidofaux, 124, 0, 1007.0725806451613, 0, 0.0, 0.0, 0.0762981297991295, 0.22881179357505352, 114.89593385794034, 0.0, 1470.78380787037, 1, 124, 0.6847182945965103,[5]
gulto, 10, 5, 103.13333333333334, 8, 0.0, 0.0, 0.020361845530159507, 0.9417433435258339, 44.59428603941085, 0.0, 2156.429097222222, 3, 4, 0.04782597928500561,[0;4;1]
hCnOjkfMqFfGlUQ, 2, 0, 121095.5, 1, 0.0, 0.0, 0.014027518148901404, 0.6829555287298901, 9.86415739482391, 0.0, 456.0369097222222, 1, 0, 265.53881367576315,[2]
happy_osu, 15, 8, 0.0, 0, 0.0, 0.0, 0.0025011541809405492, 0.5078332521366266, 14.038815711366366, 0.0, 402.3187962962963, 2, 14, 0.0,[4;0]
happyswing1970, 15, 8, 637.7826086956521, 15, 0.0, 0.0, 0.022782608302291448, 0.9228680606468224, 64.97493508898496, 0.0, 1245.1204745370371, 2, 6, 0.5122256213261561,[0;1]
harryintheamxx, 4, 9, 8930.076923076924, 11, 0.0, 0.0, 0.011518334460879366, 0.4444090128957735, 34.17542502868282, 0.0, 299.1684375, 1, 4, 29.84966261047148,[1]
haru178, 5, 0, 6360.6, 1, 0.0, 0.0, 0.041365266354614294, 1.1137887195942828, 52.64589586392357, 0.0, 2347.2081828703704, 3, 0, 2.7098576284876894,[0;1]
harunwijayanto, 10, 0, 130.1, 0, 0.0, 0.0, 0.0009298936600561092, 7.778576139272916, 50.13728227964911, 0.0, 1087.970636574074, 1, 0, 0.11958043317205114,[4]
haylagoulart, 8, 7, 6879.666666666667, 8, 0.0, 0.0, 0.0, 1.1696795855868127, 32.12578503751664, 0.0, 909.0449768518519, 4, 3, 7.568015710830834,[1;2]
helica_loverrr, 3, 1, 5229.25, 3, 0.0, 0.0, 0.0010657306925793916, 1.2322535095089204, 12.302041242483758, 0.0, 944.2006828703703, 1, 1, 5.5382823745721925,[2]
hellavenus, 57, 89, 30715.18493150685, 111, 0.0, 0.0, 0.15737291863036673, 7.486573374558995, 365.78612328995706, 0.0, 227.08072916666666, 3, 97, 135.26108113279545,[1;2]
hercules_alvess, 6, 2, 20567.875, 3, 0.0, 0.0, 0.013074358536656975, 6.995316017857603, 61.575246414936224, 0.0, 923.0202546296297, 1, 1, 22.283232569206238,[2]
hereforsantoni, 13, 13, 2630.346153846154, 20, 0.0, 0.0, 0.0, 2.2862098631861483, 46.29172478105919, 0.0, 577.0142361111111, 3, 13, 4.558546374130791,[2;0;1]
heygimahone, 75, 28, 16035.368932038835, 57, 0.0, 0.0, 0.004870697271801448, 0.8659750404042541, 85.04288426294602, 0.0, 441.8659490740741, 3, 28, 36.290121394601236,[2;0;3]
hfdghjjscvbf2, 134, 0, 0.0, 0, 0.0, 0.0, 0.08174303991511324, 0.2665713921266392, 406.62271202713964, 0.0, 79.74469907407408, 1, 134, 0.0,[5]
highprofitmt4, 8, 0, 2.0, 0, 0.0, 0.0, 0.08750779494513261, 0.8543778552135155, 64.07558858754435, 0.0, 184.87417824074075, 1, 8, 0.010818168437755684,[0]
hinata_sk, 3, 11, 57108.857142857145, 12, 0.0, 0.0, 0.035355372741609555, 1.1602408254090817, 61.40233900913221, 0.0, 2402.02306712963, 4, 5, 23.77531586784514,[0;1]
hirata6love, 68, 2, 16789.585714285713, 59, 0.0, 0.0, 0.02545569318250575, 1.0359952052603258, 195.68700227784765, 0.0, 1110.4908217592595, 4, 4, 15.119067519790349,[0;1;2]
hiroshi1a2, 5, 0, 0.0, 0, 0.0, 0.0, 0.0, 0.8973209739230242, 22.136729378507102, 0.0, 575.589363425926, 1, 0, 0.0,[4]
hmpintos, 0, 2, 168.0, 2, 0.0, 0.0, 0.0037087332293683647, 1.0415108990812039, 5.333746357766447, 0.0, 2431.207627314815, 1, 1, 0.06910146139412626,[2]
honda_sado, 19, 2, 17331.095238095237, 4, 0.0, 0.0, 0.03403531365325914, 1.691471238774496, 86.20726099302848, 0.0, 1879.0061458333332, 4, 3, 9.223543667766425,[4;0;2]
hope_bot, 89, 0, 0.0, 68, 0.0, 0.0, 0.03491758102065771, 1.0128266268455328, 133.3458923043263, 0.0, 2267.3120949074073, 1, 0, 0.0,[4]
hopecarlimarie, 4, 1, 11874.0, 2, 0.0, 0.0, 0.009677402542366324, 1.6559965884457584, 12.537244682969108, 0.0, 1444.2529976851854, 1, 3, 8.221551223387708,[2]
httpdyoongi, 22, 70, 26434.434782608696, 74, 0.0, 0.0, 0.021180489124209806, 2.925091944183655, 157.77961373589397, 0.0, 573.6709837962964, 1, 69, 46.0794349535992,[2]
hula_gonna, 3, 9, 14351.166666666666, 12, 0.0, 0.0, 0.01812825322734983, 1.079781862700606, 28.204399187232752, 0.0, 989.3033217592593, 2, 3, 14.50633627828749,[2;1]
hunterhuzuki, 3, 4, 14933.857142857143, 4, 0.0, 0.0, 0.08679608986546615, 1.0638635709867557, 49.270256132494694, 0.0, 431.66157407407405, 2, 4, 34.59621620221971,[2;4]
hunthehyun, 18, 7, 12638.0, 19, 0.0, 0.0, 0.00821203858176611, 2.12075129031688, 123.57794348540581, 0.0, 501.11129629629636, 2, 12, 25.21994633409226,[1;2]
huskymask, 16, 23, 9096.97435897436, 29, 0.0, 0.0, 0.0030071641708462487, 2.6707417373939704, 18.950026760081066, 0.0, 1569.9300462962963, 2, 13, 5.794509367111933,[2;1]
i30481760, 2, 4, 29051.5, 4, 0.0, 0.0, 0.002761095616529283, 0.6445515163265453, 62.5205027623334, 0.0, 726.3546296296296, 2, 5, 39.99630320359278,[0;2]
idimegenedaza, 5, 5, 6203.3, 5, 0.0, 0.0, 0.07412500907317328, 1.333308807225405, 50.68074706643351, 0.0, 199.9855787037037, 1, 3, 31.018736651959973,[1]
iekiek1984, 9, 7, 1524.0, 13, 0.0, 0.0, 0.024044609883499587, 0.842256140015746, 45.587996302251646, 0.0, 2068.6180324074076, 2, 7, 0.7367237334900372,[2;0]
ikinuki_warai, 11, 0, 0.0, 0, 0.0, 0.0, 0.0012163866720682392, 0.982206240282217, 32.91053399683015, 0.0, 810.2917129629631, 1, 5, 0.0,[0]
ilhoononly, 5, 23, 5098.535714285715, 22, 0.0, 0.0, 0.007991917396784762, 3.6621621700539735, 71.94319070987375, 0.0, 1245.2679166666667, 2, 20, 4.094328333723939,[2;1]
imas25676405, 5, 1, 1150.1666666666667, 3, 0.0, 0.0, 0.057058832090967244, 1.0501722528857267, 35.2314156825723, 0.0, 617.163599537037, 4, 0, 1.8636333502647595,[0;2]
imoon_64, 3, 1, 2683.25, 2, 0.0, 0.0, 0.0016582604672588383, 2.841100068719933, 5.114421209765244, 0.0, 1212.8677546296296, 2, 3, 2.2123186882970414,[2;0]
info7get, 108, 0, 4.092592592592593, 0, 0.0, 0.0, 0.01244990257366685, 0.9955226032313866, 105.91276604970724, 0.0, 309.2041203703704, 3, 96, 0.013235892806636632,[0;2;4]
jdagg19, 29, 0, 84.0, 29, 0.0, 0.0, 0.152461129218963, 0.5912272858207419, 69.67065851147666, 0.0, 780.4083333333333, 1, 29, 0.1076359598073658,[0]
joaquinbala_, 522, 1, 0.0, 0, 0.0, 0.0, 0.07060615018960865, 3.9606150478006485, 1464.2963173268836, 0.0, 995.2495833333332, 1, 523, 0.0,[4]
jobfindlybos, 119, 0, 0.0, 0, 0.0, 0.0, 1.4764321251086805, 0.32797232611950483, 701.6503431315352, 0.0, 87.55452546296296, 1, 119, 0.0,[0]
jukebox_tweet, 98, 0, 358.81632653061223, 0, 0.0, 0.0, 0.10423384881243108, 0.5686110231188599, 115.46054795877983, 0.0, 397.2792592592593, 3, 12, 0.9031841410488871,[0;2]
jukunenn_deai, 14, 0, 0.0, 0, 0.0, 0.0, 0.005294982264740682, 0.8627988701653294, 40.231811910931306, 0.0, 787.6791203703705, 1, 0, 0.0,[4]
kabarapdet, 28, 0, 8.0, 0, 0.0, 0.0, 0.009549947291537478, 0.47598961704559206, 95.05377692044249, 0.0, 673.2862847222221, 1, 28, 0.011882018365041495,[4]
kanfuneko, 17, 19, 5425.055555555556, 32, 0.0, 0.0, 0.028525579660905815, 0.5557116809923938, 32.250093036917086, 0.0, 1105.182939814815, 1, 13, 4.90873986569552,[0]
kanntigai_1, 16, 0, 0.0, 0, 0.0, 0.0, 0.005714639277686523, 0.535520999688676, 47.51426886075621, 0.0, 1972.244375, 1, 0, 0.0,[4]
karasugai, 21, 27, 10184.25, 40, 0.0, 0.0, 0.03305296058492064, 1.114764893163634, 107.27976763819521, 0.0, 2272.389074074074, 3, 21, 4.4817369156511,[0]
kemusiP, 18, 2, 11922.55, 14, 0.0, 0.0, 0.01860594137236827, 1.107494963886613, 22.466939998939758, 0.0, 1262.800324074074, 3, 4, 9.441358045850992,[0;2]
ken1500, 8, 3, 2044.5454545454545, 6, 0.0, 0.0, 0.03309654791101477, 0.9786029071936624, 17.581708487781384, 0.0, 1410.3668055555554, 2, 1, 1.4496551155995838,[0;1]
kencya, 7, 0, 28.0, 1, 0.0, 0.0, 0.013564945720625094, 1.1371651394934141, 24.056002502989866, 0.0, 2367.2536574074074, 4, 6, 0.011828052271620659,[0;2]
kendouippon, 5, 16, 0.0, 16, 0.0, 0.0, 0.004259586644050651, 0.9558106036323537, 14.592375593353191, 0.0, 704.4246064814815, 2, 9, 0.0,[0;4]
kh2013aled818, 4, 0, 56.0, 0, 0.0, 0.0, 0.0, 0.5657717862788619, 9.004341436759209, 0.0, 1109.9791550925927, 1, 4, 0.050451397887132904,[0]
khalidrafiq138, 766, 3, 0.0, 0, 0.0, 0.0, 0.24998990926323683, 1091.0546163849156, 1872.0129761116011, 0.0, 584.4218518518518, 1, 769, 0.0,[5]
kido_nr, 1, 0, 3442.0, 0, 0.0, 0.0, 0.0111131870993875, 1.0316455696202531, 50.355811897989355, 0.0, 1529.7141898148147, 1, 0, 2.250093529181869,[0]
koi_no_hiketsu, 16, 0, 0.0, 0, 0.0, 0.0, 0.0, 0.9075992384421201, 23.853977405453104, 0.0, 700.2586574074074, 1, 0, 0.0,[4]
kosaku776, 22, 1, 0.0, 0, 0.0, 0.0, 0.0037873887226135073, 0.7800022537223136, 163.70946828126714, 0.0, 748.275763888889, 1, 14, 0.0,[0]
kotonohasummer, 14, 2, 16204.3125, 14, 0.0, 0.0, 0.030508030220587627, 1.0963696190484853, 119.45402508598299, 0.0, 1560.4010532407408, 2, 0, 10.384710050243715,[0]
kukucoo, 14, 5, 1382.157894736842, 10, 0.0, 0.0, 0.04038188386874416, 1.7172759852395487, 84.75285429014764, 0.0, 1941.507037037037, 3, 3, 0.7118995029995739,[0;1]
kumarmangla, 61, 725, 338.79516539440203, 4, 0.0, 0.0, 1.4847384177932943, 9.818521494576107, 579.023029404565, 0.0, 1123.677835648148, 2, 667, 0.30150560476169025,[5;0]
kuramoti_asso, 9, 0, 79.0, 0, 0.0, 0.0, 0.010475102496509216, 2.8672184705355734, 29.420820557499994, 0.0, 899.4761574074074, 1, 0, 0.08782889835313094,[4]
laylang, 10, 5, 193.4, 9, 0.0, 0.0, 0.016281477197228295, 2.998348593488308, 27.098123809682342, 0.0, 1596.4932638888888, 3, 8, 0.12114050486432874,[0;1]
leireMorales15, 1, 0, 1974.0, 0, 0.0, 0.0, 0.004974506390433487, 1.3620437956204379, 17.102352970310328, 0.0, 1809.2247337962963, 1, 1, 1.0910750683017447,[0]
lottogirls, 1, 0, 1.0, 0, 0.0, 0.0, 0.0, 1.0443458980044347, 0.3133958319504945, 0.0, 1279.532013888889, 1, 1, 0.0007815357405249239,[4]
lovesJAMESMcvey, 1, 0, 1236.0, 0, 0.0, 0.0, 0.0008343237306437982, 0.9688506981740065, 0.4079843042848173, 0.0, 1198.5755208333333, 1, 1, 1.0312241310757344,[0]
mOomo57, 11, 6, 4842.176470588235, 6, 0.0, 0.0, 0.0013540406726338327, 1.4496015833186078, 15.507959649438439, 0.0, 1471.0618287037034, 2, 10, 3.2916199551280254,[2;0]
ma_am0522, 18, 5, 4830.869565217391, 6, 0.0, 0.0, 0.09081109936465362, 0.5315388595985663, 38.06132718230911, 0.0, 348.1127199074074, 5, 18, 13.877314125442838,[0;2]
mags1398, 12, 0, 22.0, 0, 0.0, 0.0, 0.0, 0.4863234816801048, 6.968937291506443, 0.0, 1743.456238425926, 3, 12, 0.01261861325516414,[0]
maha9329, 8, 0, 52.5, 0, 0.0, 0.0, 0.007064158368503486, 0.2050806999811113, 12.441111050458225, 0.0, 123.78347222222224, 1, 8, 0.4241277050764046,[0]
majed6617, 15, 12, 10463.888888888889, 13, 0.0, 0.0, 0.0, 1.0924755145812213, 22.79995957379263, 0.0, 1233.6124305555554, 3, 18, 8.482314728440675,[2;0]
mamalov1994, 1, 0, 1.0, 0, 0.0, 0.0, 0.0014043816740739942, 0.6366518706404566, 11.538399834191937, 0.0, 712.0571412037037, 1, 1, 0.0014043816740739942,[4]
maria_serra80, 2, 0, 76.0, 0, 0.0, 0.0, 0.0, 0.687499008426596, 7.616459962158309, 0.0, 570.5422569444444, 1, 2, 0.13320661015893934,[0]
masutatrading, 15, 0, 3.0, 0, 0.0, 0.0, 0.01810028300749158, 0.5131856088730067, 132.50167427383013, 0.0, 1940.1705324074076, 1, 15, 0.001546255831582769,[5]
matomeakb48, 154, 1, 0.0, 0, 0.0, 0.0, 0.007523472167987456, 1.1069662390527644, 261.6635402194552, 0.0, 783.6415509259259, 1, 155, 0.0,[5]
maumanya, 22, 4, 99517.26923076923, 18, 0.0, 0.0, 0.03629346662516547, 1.4908628189186368, 149.98440307117957, 0.0, 2243.060532407407, 2, 6, 44.36673366276052,[0;1]
mhf24, 40, 10, 4984.9, 13, 0.0, 0.0, 0.026762436826383875, 1.783054199827773, 69.2221638423795, 0.0, 1378.350902777778, 2, 6, 3.6165681684932163,[0;2]
mi_zu_ki55, 21, 1, 5829.318181818182, 0, 0.0, 0.0, 0.002957967571335313, 1.862898983222523, 49.68571031508484, 0.0, 1683.451400462963, 1, 0, 3.462718424906755,[4]
mifukukaban, 4, 0, 0.0, 0, 0.0, 0.0, 0.003783653851951837, 0.6660990709698822, 10.596043281966905, 0.0, 790.6746643518518, 1, 4, 0.0,[4]
mikanseizindesu, 23, 22, 38760.86666666667, 39, 0.0, 0.0, 0.04477939344285373, 1.2297121520196912, 82.90415722879116, 0.0, 2223.3943518518518, 4, 14, 17.433194716170334,[0]
mineBarcel, 75, 0, 3.0, 0, 0.0, 0.0, 0.006977181392465973, 1.287259101212785, 74.03417343981023, 0.0, 832.1452199074074, 1, 75, 0.003605139978252605,[4]
miyako_mikage, 47, 3, 57622.0, 13, 0.0, 0.0, 0.08096278760252092, 1.1351162530931267, 214.86312882031862, 0.0, 1279.5184606481482, 4, 9, 45.0341294574298,[2;0]
miyugoroo, 16, 0, 4706.9375, 6, 0.0, 0.0, 0.019533918231967984, 6.002739624882308, 39.67514954273315, 0.0, 1367.3717592592593, 2, 0, 3.4423246407764556,[0;2]
nagomiforest, 5, 1, 1550.3333333333333, 2, 0.0, 0.0, 0.019184129162638203, 0.8006575464395604, 13.601808604036831, 0.0, 1932.957002314815, 3, 3, 0.8020526744654587,[0;1;2]
nakajimadeshita, 55, 0, 0.0, 42, 0.0, 0.0, 0.008654703408075611, 0.6455054492985344, 81.81545063906891, 0.0, 1457.7989699074076, 1, 0, 0.0,[4]
nansay3693, 136, 0, 0.0, 0, 0.0, 0.0, 0.0, 0.23410068153286398, 147.9352152369864, 0.0, 67.37204861111111, 2, 136, 0.0,[0]
nice_buzz, 7, 0, 0.0, 0, 0.0, 0.0, 0.01902444296748947, 1.3993945681832312, 5.4419306593067285, 0.0, 1179.4413425925927, 1, 3, 0.0,[0]
okamotoorimono, 6, 1, 476.14285714285717, 2, 0.0, 0.0, 0.029682123274691236, 2.4499495491976697, 11.347582884162453, 0.0, 1537.9199999999998, 4, 5, 0.30960183698947746,[0;1;2]
onoderayuichi, 2, 0, 0.0, 0, 0.0, 0.0, 0.010207663669528527, 2.1405228758169934, 6.833419061310291, 0.0, 2066.1081712962964, 1, 0, 0.0,[4]
orekyuu, 23, 2, 39018.92, 4, 0.0, 0.0, 0.05686855783318486, 1.9093614916025723, 103.12498032003359, 0.0, 1547.0741550925925, 3, 0, 25.221105188499973,[0]
orlando15321, 19, 0, 12.0, 0, 0.0, 0.0, 0.0026597349055378795, 0.5227038988697983, 11.257410823934466, 0.0, 1827.611736111111, 1, 19, 0.006565946017360468,[0]
osm20009, 11, 0, 1.0, 0, 0.0, 0.0, 0.0014050624304561515, 348.93939393939394, 10.296856444798793, 0.0, 1411.3228125000003, 2, 9, 0.0007085551166204222,[0]
pantherxp, 40, 0, 0.0, 0, 0.0, 0.0, 0.01435003688926598, 0.6180493062384804, 118.78246355881711, 0.0, 294.44097222222223, 1, 40, 0.0,[0]
pentarodayo, 6, 0, 6.0, 0, 0.0, 0.0, 0.009951327837400556, 0.8778757361289745, 13.650675500810799, 0.0, 2023.9839814814814, 1, 0, 0.002964450338983524,[4]
periodicspeller, 8, 0, 4.0, 7, 0.0, 0.0, 0.022908365042943322, 2.429167605279199, 33.805331653849684, 0.0, 1815.498275462963, 1, 0, 0.002203251886306516,[4]
piketebow, 616, 0, 0.0, 0, 0.0, 0.0, 0.057649300916684985, 1.2078764208755048, 1907.19016651399, 0.0, 1011.1092939814815, 1, 616, 0.0,[4]
potato250yen, 23, 5, 2230.5714285714284, 11, 0.0, 0.0, 0.02661418386498591, 5.100283800235035, 114.12858031969463, 0.0, 1537.4299074074077, 3, 5, 1.4508443069986041,[0;1]
que_relajo, 6, 54, 0.0, 0, 0.0, 0.0, 0.00717195477332202, 1.0707032825668863, 34.729078180070324, 0.0, 1183.419201388889, 1, 18, 0.0,[5]
radioyobelfm, 5, 0, 5.0, 0, 0.0, 0.0, 0.0019918071388860697, 63.2, 30.596441903074133, 0.0, 1510.495462962963, 1, 1, 0.003310172140598213,[4]
rd_ct_ictv, 3, 2, 12474.6, 3, 0.0, 0.0, 0.010962508450107367, 1.2025297265521737, 37.501117665529804, 0.0, 1645.9702430555556, 2, 3, 7.578873343932592,[2;0]
reonnopiopi, 16, 0, 81862.5, 0, 0.0, 0.0, 0.03685054402512948, 0.7911136510784372, 72.02140135889957, 0.0, 733.1849305555556, 1, 1, 111.6532768042169,[4]
riatomo89, 11, 0, 30.0, 0, 0.0, 0.0, 0.0006629874112207706, 0.835079084228315, 36.766062357622154, 0.0, 1516.161886574074, 1, 0, 0.01978680526509483,[4]
rleeosborn, 3, 10, 900.8461538461538, 12, 0.0, 0.0, 0.05842407468312728, 0.8983426084968799, 1.835007308356438, 0.0, 1834.7018634259257, 3, 9, 0.49100410906217223,[0;1]
rocknrollpizza2, 17, 0, 42.0, 2, 0.0, 0.0, 0.003965881570539701, 1.2249962957475182, 51.84035493502471, 0.0, 739.8679050925927, 2, 15, 0.05676689002308297,[4;0]
rowdy_ratnani, 25, 1, 722.3076923076923, 10, 0.0, 0.0, 0.03570511414293927, 1.196728301849589, 6.1897719584975155, 0.0, 2517.6015625, 1, 26, 0.2869030997861451,[5]
rrabeea78, 24, 0, 488.7083333333333, 0, 0.0, 0.0, 0.0, 0.4727827869820142, 40.2470105996827, 0.0, 240.50006944444442, 3, 24, 2.032050695296057,[0]
ryoko_kiss3, 21, 0, 0.0, 0, 0.0, 0.0, 0.02985282445094195, 31.44588744588744, 43.22109552602253, 0.0, 932.3702662037036, 1, 0, 0.0,[4]
sCgmY5XesbyoLUg, 17, 5, 15709.40909090909, 10, 0.0, 0.0, 0.020272927893661957, 2.0455207969017746, 33.992409520421006, 0.0, 295.28461805555554, 2, 13, 53.200905602043534,[1;0]
saad47179675, 3, 0, 59.0, 0, 0.0, 0.0, 0.004124608266054766, 0.5401911186059584, 25.13978369549402, 0.0, 470.1049189814815, 1, 3, 0.12550389842299042,[0]
salles_marcos, 7, 1, 30.0, 1, 0.0, 0.0, 0.001026807720280389, 1.2335665373265714, 7.0821145892804, 0.0, 1831.483923611111, 3, 7, 0.0163801601604285,[2;4;0]
samezi, 20, 12, 3729.71875, 14, 0.0, 0.0, 0.04037414070143079, 1.133706896816567, 39.354712051471196, 0.0, 2428.3123958333335, 3, 11, 1.5359303672788187,[1;0;2]
sanaguvidyr, 4, 0, 0.0, 0, 0.0, 0.0, 0.007050462081354644, 1.059526844597281, 5.002628391784586, 0.0, 385.51188657407414, 1, 0, 0.0,[4]
sanyou103, 18, 6, 553.125, 11, 0.0, 0.0, 0.01583215407188646, 2.387858690137754, 75.42022625603906, 0.0, 1818.617974537037, 4, 13, 0.30414578968450384,[0;2;3]
sasusaku_copy, 7, 0, 0.0, 0, 0.0, 0.0, 0.012272765925604393, 0.8352532222502983, 22.190114555351037, 0.0, 806.15875, 1, 0, 0.0,[4]
satonaoya, 0, 2, 311.0, 2, 0.0, 0.0, 0.024650173828503468, 2.2064128256513027, 23.35133451058261, 0.0, 2265.531608796296, 1, 2, 0.137274624106983,[0]
sectest9, 0, 885, 3.0, 885, 0.0, 0.0, 62.70233557299411, 1935.7909604519773, 2481.4280117183393, 0.0, 17.321828703703705, 1, 806, 0.1731918754835942,[0]
selfshotgq, 297, 2, 0.0, 0, 0.0, 0.0, 0.7501743925838545, 0.2820907420191866, 828.9312143434441, 0.0, 59.121874999999996, 1, 299, 0.0,[0]
semarang_tweet, 1, 65, 0.0, 66, 0.0, 0.0, 0.01573198832724481, 1.8641965428937268, 33.6396740575831, 0.0, 1341.8660532407407, 1, 51, 0.0,[0]
sexy_sitagigazo, 1, 0, 0.0, 0, 0.0, 0.0, 0.01515731807496647, 0.7004279600570613, 7.273347344830339, 0.0, 461.82312500000006, 1, 1, 0.0,[4]
sexyculonas, 38, 37, 22.04, 0, 0.0, 0.0, 0.01747621828302844, 3.0106582742284624, 30.795712479172124, 0.0, 943.0834143518518, 1, 74, 0.02337014909242924,[5]
shf20092, 2, 0, 14.0, 0, 0.0, 0.0, 0.001006531207239101, 0.7239328201539539, 16.171936388690348, 0.0, 993.766898148148, 1, 2, 0.014087810759332535,[0]
simonhnews24, 33, 0, 179.06060606060606, 0, 0.0, 0.0, 0.04667996972496886, 0.9941961484614882, 31.140875609957835, 0.0, 70.68548611111112, 1, 33, 2.533201876537132,[0]
siva1000000, 17, 0, 781.7058823529412, 0, 0.0, 0.0, 0.05061691451744323, 0.22884663249004233, 27.83806935926995, 0.0, 203.4794097222222, 1, 8, 3.841695252704335,[4]
soar_mmm, 23, 0, 3969.608695652174, 11, 0.0, 0.0, 0.08501557656035949, 0.9762157463648562, 119.70655988576017, 0.0, 2008.8682523148148, 3, 2, 1.9760423268564287,[1;0;2]
sokohaka_fuzy, 9, 13, 1978.8181818181818, 13, 0.0, 0.0, 0.024231385495410627, 0.8852946030104799, 47.940239003446095, 0.0, 1760.7244791666665, 2, 4, 1.123865888861122,[2;0]
solarpowerspork, 17, 0, 22509.235294117647, 14, 0.0, 0.0, 0.032797695004812825, 1.8222853062995132, 52.86315317524691, 0.0, 3332.801724537037, 1, 2, 6.75384770969069,[0]
subama00, 5, 1, 446.0, 2, 0.0, 0.0, 0.0012130662547520019, 2.9542284632498936, 3.4538228695520394, 0.0, 2462.9828125, 2, 4, 0.18108124739502218,[2;0]
suina_763, 22, 3, 8082.76, 13, 0.0, 0.0, 0.021636962848801823, 1.3657687833576793, 64.31525623845975, 0.0, 2395.0137384259256, 4, 4, 3.374828240155412,[0;3;1]
suisei_222, 4, 1, 2397.2, 2, 0.0, 0.0, 0.029741665914846803, 2.618304814565311, 11.789423964338535, 0.0, 1040.0917013888889, 2, 2, 2.304796775898599,[2;0]
take_amenbot, 83, 0, 0.0, 74, 0.0, 0.0, 0.011812935283692915, 0.5891141733783328, 120.4578416530263, 0.0, 2016.0096064814816, 1, 0, 0.0,[4]
tamhaRHidayanto, 161, 0, 0.0, 0, 0.0, 0.0, 0.051417494929119505, 1.0968819305932882, 345.5252025212865, 0.0, 797.5314236111111, 1, 161, 0.0,[0]
tapsansan, 3, 1, 48.75, 3, 0.0, 0.0, 0.03610455990845664, 1.2294391913006812, 32.22680587237652, 0.0, 2274.3969907407404, 3, 1, 0.021434252770499308,[0;2]
tecuidorvitti, 3, 15, 19853.11111111111, 17, 0.0, 0.0, 0.0037096556921504247, 1.36275474704036, 104.1086101957544, 0.0, 423.86192129629626, 1, 9, 46.83862860432088,[2]
temporaryniell, 0, 25, 35652.72, 25, 0.0, 0.0, 0.011483677039041044, 1.5932519228346491, 50.457526027062094, 0.0, 836.494548611111, 1, 21, 42.62158080909989,[2]
temptingtrouble, 235, 0, 662.4893617021277, 0, 0.0, 0.0, 0.005094229926435633, 0.5343269034617378, 140.0770676799015, 0.0, 2534.554699074074, 1, 235, 0.26138294113129573,[1]
tesoro_asturias, 63, 0, 3.0, 0, 0.0, 0.0, 0.15485981291533896, 1.7934999329793833, 164.00293671088588, 0.0, 47.75755787037037, 1, 63, 0.06281728241094281,[0]
thatguytupac_, 5, 6, 3218.181818181818, 6, 0.0, 0.0, 0.0, 2.5950895673892758, 10.086263827469718, 0.0, 1531.9883796296297, 1, 4, 2.1006568071748943,[2]
thatwhiteegirl_, 3, 2, 9235.2, 2, 0.0, 0.0, 0.001144183008386818, 1.0009973963421368, 31.844917221774818, 0.0, 1751.7700810185186, 1, 4, 5.271924723494791,[2]
tilostyln, 29, 0, 173.27586206896552, 1, 0.0, 0.0, 0.0005325290812749903, 1.9165962043768052, 31.863216533448675, 0.0, 1868.5824421296295, 1, 23, 0.09273118389760875,[2]
timesweek, 109, 1, 72.0, 0, 0.0, 0.0, 0.01635429263677349, 13.62927981109801, 306.53018669458595, 0.0, 415.1754513888889, 1, 110, 0.17342065808355955,[0]
timetoblazze, 2, 0, 982.0, 0, 0.0, 0.0, 0.009496131169491637, 4.016806722689076, 47.473928994278836, 0.0, 2527.648078703704, 2, 1, 0.38850345041055534,[1;2]
tnnxcy, 5, 13, 2997.5, 14, 0.0, 0.0, 0.001719407963563256, 6.169100793019718, 59.671104769341355, 0.0, 1159.0948379629629, 2, 9, 2.5860696655917472,[2;1]
toda247news, 13, 0, 0.0, 0, 0.0, 0.0, 0.14682307314859208, 0.5234320364977741, 22.48137318404591, 0.0, 66.2426736111111, 1, 13, 0.0,[0]
todo_ingenieria, 19, 6, 100.8, 6, 0.0, 0.0, 0.08573794841660551, 2.089022654810991, 53.80854280467618, 0.0, 765.8135416666668, 3, 23, 0.13162472914833215,[5;2;0]
tokiruki_akiru, 20, 0, 770.4, 7, 0.0, 0.0, 0.04653029042397219, 1.9178199044418704, 80.8941125436298, 0.0, 2174.2869675925926, 3, 0, 0.3543230546301806,[0;2]
tokutoku_houku, 5, 0, 0.0, 0, 0.0, 0.0, 0.003568714463367374, 0.917534599467946, 3.001383087570054, 0.0, 550.9845138888888, 1, 5, 0.0,[5]
topicsnews, 129, 1, 0.0, 0, 0.0, 0.0, 0.03602887207189763, 77.85384615384615, 462.2702670540862, 0.0, 2049.325601851852, 1, 130, 0.0,[4]
totukou, 36, 21, 2785.0175438596493, 27, 0.0, 0.0, 0.023449308656429392, 0.7100446551967672, 90.34958177547638, 0.0, 2176.902384259259, 2, 20, 1.2793488417292147,[1;2]
trillrill, 14, 1, 14651.066666666668, 3, 0.0, 0.0, 0.04724338669468068, 0.8609211110237485, 122.62971650386577, 0.0, 2260.83462962963, 3, 2, 6.480379623814771,[0]
tteodoras, 1, 0, 991.0, 0, 0.0, 0.0, 0.003932727670816638, 7.258278145695364, 55.85102528986957, 0.0, 1271.3822106481482, 1, 0, 0.7794666243558577,[2]
ugoku_nurie_, 6, 0, 0.0, 0, 0.0, 0.0, 0.010217914517964161, 963.6666666666666, 24.932149075899293, 0.0, 778.6251157407409, 1, 6, 0.0,[4]
unrt_2015, 7, 16, 98.0, 16, 0.0, 0.0, 0.02003448620908176, 1.0002917115385057, 77.11418489459432, 0.0, 502.4783564814815, 4, 22, 0.19503327603248066,[0;4;1]
uramoty, 4, 0, 3.0, 0, 0.0, 0.0, 0.0018358066408509812, 0.7314066816771585, 3.1258906909680277, 0.0, 3269.812175925926, 1, 3, 0.0009174838916093025,[0]
vanessaMorillo1, 1, 1, 11.0, 1, 0.0, 0.0, 0.0, 0.4813799350324838, 1.5871704389428907, 0.0, 1721.2244444444448, 1, 0, 0.006390799314699741,[0]
warwaywao, 40, 4, 16660.113636363636, 11, 0.0, 0.0, 0.025916975096440368, 0.6413768554253183, 74.04057619507658, 0.0, 1812.1633912037034, 5, 6, 9.193494205452078,[3;0;2;1]
www_gazou1, 9, 1, 39.0, 0, 0.0, 0.0, 0.01824647106185262, 59.4, 43.6714262375386, 0.0, 923.6589236111112, 1, 5, 0.04222337813565064,[4]
xolll_0_4_2_0_z, 4, 0, 0.0, 0, 0.0, 0.0, 0.00470502654573957, 0.8843095665415783, 5.067565134040391, 0.0, 1063.112361111111, 1, 2, 0.0,[4]
y66m83h11, 9, 0, 5264.888888888889, 3, 0.0, 0.0, 0.014037327911589773, 1.052276510254137, 87.7511655757898, 0.0, 1571.7686689814816, 2, 0, 3.3496588860627803,[2;4]
yakimeshi17, 15, 6, 34011.52380952381, 9, 0.0, 0.0, 0.020971423516523806, 0.978114596478466, 85.71845994848174, 0.0, 2183.6706018518516, 2, 8, 15.575391169657408,[0]
yn_yadochi, 5, 2, 14513.0, 2, 0.0, 0.0, 0.01799087850639031, 3.4678363765154328, 73.49681111454854, 0.0, 1288.7091203703703, 2, 2, 11.261656932969494,[0]
youflwmeiflwu, 3, 0, 42.0, 0, 0.0, 0.0, 0.0019874039810680675, 0.7861459784079146, 0.12950862889097114, 0.0, 2010.9123842592592, 1, 0, 0.020886041743420434,[4]
yumitoshi5105, 17, 0, 0.0, 0, 0.0, 0.0, 0.0008334862255698429, 0.7272016355205327, 43.33107970320735, 0.0, 1200.175972222222, 1, 17, 0.0,[4]
